Burnout_Level,AI_Technostress,Cognitive_Latency_Proxy
5.0,4.0,2.0
2.0,2.0,3.0
2.0,4.0,2.0
5.0,4.0,4.0
1.0,4.0,2.0
3.0,4.0,2.0
3.0,4.0,3.0
1.0,4.0,2.0
3.0,4.0,3.0
1.0,4.0,2.0
3.0,4.0,2.0
1.0,4.0,2.0
3.0,2.0,4.0
1.0,4.0,2.0
1.0,4.0,2.0
2.0,4.0,2.0
3.0,4.0,3.0
3.0,4.0,3.0
3.0,4.0,2.0
3.0,4.0,2.0
3.0,4.0,3.0
1.0,4.0,2.0
5.0,4.0,3.0
1.0,2.0,3.0
2.0,4.0,2.0
3.0,2.0,4.0
3.0,4.0,3.0
2.0,4.0,2.0
3.0,4.0,2.0
3.0,4.0,4.0
1.0,4.0,4.0
2.0,4.0,4.0
3.0,4.0,3.0
3.0,4.0,3.0
3.0,4.0,3.0
2.0,4.0,2.0
2.0,4.0,4.0
3.0,4.0,3.0
3.0,4.0,2.0
2.0,4.0,2.0
3.0,4.0,3.0
3.0,4.0,4.0
3.0,4.0,3.0
5.0,4.0,4.0
3.0,4.0,2.0
3.0,4.0,2.0
3.0,4.0,2.0
3.0,4.0,2.0
3.0,4.0,2.0
2.0,4.0,3.0
5.0,4.0,3.0
3.0,4.0,2.0
3.0,4.0,3.0
1.0,4.0,3.0
3.0,4.0,2.0
2.0,4.0,3.0
3.0,4.0,2.0
3.0,4.0,2.0
3.0,2.0,2.0
5.0,4.0,4.0
3.0,2.0,4.0
3.0,4.0,2.0
1.0,4.0,2.0
3.0,4.0,4.0
3.0,4.0,2.0
3.0,4.0,4.0
5.0,4.0,2.0
3.0,4.0,3.0
3.0,2.0,3.0
2.0,4.0,3.0
1.0,4.0,3.0
1.0,4.0,2.0
2.0,4.0,3.0
3.0,4.0,2.0
1.0,4.0,3.0
3.0,4.0,4.0
3.0,4.0,2.0
3.0,4.0,2.0
3.0,4.0,4.0
1.0,4.0,2.0
3.0,4.0,2.0
1.0,4.0,2.0
1.0,2.0,2.0
5.0,4.0,3.0
1.0,4.0,4.0
3.0,4.0,2.0
5.0,4.0,3.0
2.0,4.0,4.0
3.0,4.0,3.0
3.0,4.0,2.0
1.0,4.0,2.0
3.0,4.0,2.0
3.0,4.0,3.0
3.0,4.0,2.0
3.0,4.0,3.0
1.0,4.0,2.0
2.0,4.0,3.0
3.0,4.0,2.0
3.0,4.0,3.0
5.0,4.0,2.0
3.0,2.0,4.0
1.0,4.0,3.0
3.0,4.0,2.0
3.0,4.0,2.0
1.0,4.0,2.0
2.0,4.0,2.0
3.0,4.0,2.0
2.0,4.0,3.0
1.0,4.0,3.0
3.0,4.0,3.0
3.0,4.0,4.0
3.0,4.0,2.0
2.0,4.0,2.0
1.0,4.0,3.0
3.0,4.0,3.0
1.0,4.0,2.0
5.0,2.0,4.0
2.0,2.0,3.0
2.0,4.0,2.0
3.0,4.0,2.0
1.0,4.0,4.0
3.0,4.0,2.0
3.0,4.0,2.0
5.0,4.0,3.0
1.0,2.0,3.0
1.0,4.0,4.0
3.0,4.0,2.0
2.0,4.0,4.0
3.0,4.0,3.0
3.0,4.0,4.0
3.0,4.0,3.0
2.0,4.0,3.0
1.0,4.0,2.0
3.0,4.0,2.0
1.0,4.0,2.0
1.0,2.0,4.0
1.0,4.0,2.0
5.0,4.0,2.0
3.0,4.0,3.0
3.0,4.0,2.0
3.0,4.0,3.0
3.0,2.0,4.0
1.0,2.0,4.0
3.0,2.0,2.0
3.0,4.0,3.0
2.0,2.0,3.0
1.0,4.0,3.0
3.0,2.0,4.0
2.0,4.0,4.0
3.0,4.0,3.0
3.0,4.0,3.0
1.0,4.0,2.0
2.0,4.0,2.0
1.0,4.0,2.0
2.0,2.0,4.0
3.0,2.0,3.0
3.0,4.0,2.0
5.0,2.0,4.0
2.0,4.0,3.0
3.0,4.0,3.0
3.0,2.0,3.0
3.0,4.0,4.0
1.0,4.0,2.0
2.0,4.0,3.0
3.0,4.0,2.0
3.0,4.0,2.0
1.0,4.0,3.0
3.0,4.0,3.0
3.0,4.0,4.0
2.0,4.0,3.0
3.0,4.0,2.0
5.0,4.0,3.0
1.0,4.0,4.0
3.0,4.0,3.0
3.0,2.0,2.0
1.0,4.0,3.0
3.0,2.0,2.0
5.0,4.0,2.0
3.0,4.0,2.0
3.0,4.0,2.0
1.0,4.0,3.0
3.0,2.0,3.0
1.0,4.0,2.0
3.0,4.0,4.0
5.0,4.0,4.0
3.0,4.0,4.0
3.0,4.0,3.0
3.0,4.0,2.0
3.0,4.0,2.0
1.0,4.0,3.0
5.0,4.0,3.0
3.0,4.0,3.0
3.0,4.0,4.0
2.0,4.0,2.0
3.0,4.0,4.0
1.0,4.0,3.0
1.0,4.0,3.0
2.0,4.0,2.0
3.0,4.0,3.0
3.0,4.0,3.0
3.0,4.0,2.0
3.0,2.0,3.0
5.0,4.0,3.0
3.0,4.0,4.0
3.0,4.0,2.0
3.0,4.0,4.0
3.0,4.0,2.0
5.0,4.0,3.0
1.0,4.0,2.0
3.0,4.0,4.0
3.0,4.0,2.0
3.0,2.0,4.0
5.0,4.0,4.0
3.0,4.0,4.0
3.0,2.0,2.0
3.0,4.0,2.0
5.0,4.0,2.0
3.0,4.0,2.0
1.0,2.0,3.0
3.0,4.0,4.0
3.0,4.0,2.0
3.0,4.0,2.0
2.0,4.0,2.0
3.0,4.0,4.0
1.0,4.0,2.0
3.0,4.0,2.0
2.0,4.0,2.0
3.0,4.0,4.0
1.0,4.0,3.0
3.0,4.0,3.0
3.0,4.0,3.0
2.0,4.0,3.0
3.0,2.0,4.0
3.0,4.0,3.0
3.0,4.0,2.0
1.0,4.0,4.0
5.0,4.0,3.0
3.0,4.0,2.0
3.0,2.0,2.0
3.0,2.0,2.0
3.0,4.0,2.0
3.0,4.0,3.0
3.0,4.0,2.0
3.0,4.0,3.0
1.0,4.0,2.0
3.0,4.0,4.0
5.0,2.0,3.0
3.0,2.0,2.0
3.0,4.0,3.0
2.0,2.0,3.0
3.0,2.0,3.0
3.0,4.0,2.0
2.0,4.0,2.0
3.0,2.0,3.0
3.0,4.0,2.0
5.0,4.0,4.0
3.0,4.0,3.0
1.0,4.0,2.0
3.0,4.0,4.0
5.0,4.0,4.0
2.0,4.0,3.0
3.0,4.0,4.0
3.0,4.0,2.0
2.0,4.0,3.0
3.0,4.0,3.0
3.0,4.0,2.0
3.0,4.0,2.0
3.0,4.0,3.0
5.0,4.0,3.0
1.0,4.0,2.0
3.0,4.0,2.0
1.0,2.0,2.0
3.0,4.0,2.0
3.0,4.0,3.0
2.0,4.0,4.0
3.0,4.0,2.0
3.0,2.0,3.0
3.0,4.0,3.0
2.0,2.0,3.0
3.0,4.0,3.0
3.0,4.0,3.0
1.0,4.0,4.0
3.0,4.0,4.0
3.0,4.0,4.0
3.0,2.0,2.0
3.0,4.0,3.0
2.0,4.0,3.0
1.0,4.0,2.0
3.0,4.0,2.0
2.0,4.0,3.0
1.0,4.0,2.0
1.0,4.0,4.0
3.0,4.0,3.0
1.0,4.0,3.0
1.0,4.0,2.0
3.0,4.0,3.0
3.0,4.0,2.0
3.0,4.0,2.0
3.0,4.0,4.0
1.0,4.0,2.0
3.0,4.0,2.0
3.0,4.0,2.0
2.0,4.0,2.0
5.0,2.0,4.0
2.0,4.0,2.0
5.0,4.0,3.0
2.0,4.0,3.0
3.0,4.0,2.0
3.0,4.0,2.0
3.0,4.0,3.0
5.0,2.0,4.0
2.0,4.0,2.0
1.0,4.0,3.0
3.0,4.0,4.0
3.0,4.0,2.0
3.0,2.0,3.0
3.0,2.0,3.0
1.0,2.0,2.0
5.0,4.0,3.0
3.0,4.0,3.0
2.0,4.0,2.0
3.0,4.0,4.0
1.0,4.0,2.0
3.0,4.0,3.0
2.0,4.0,3.0
3.0,4.0,3.0
1.0,4.0,3.0
3.0,4.0,2.0
1.0,4.0,3.0
2.0,2.0,4.0
3.0,4.0,2.0
3.0,4.0,4.0
3.0,2.0,3.0
5.0,4.0,2.0
3.0,2.0,3.0
1.0,4.0,2.0
3.0,4.0,4.0
3.0,4.0,3.0
3.0,4.0,4.0
3.0,4.0,2.0
3.0,2.0,2.0
3.0,4.0,4.0
3.0,4.0,4.0
3.0,4.0,3.0
2.0,4.0,4.0
3.0,4.0,2.0
3.0,2.0,2.0
1.0,4.0,2.0
3.0,4.0,3.0
3.0,4.0,3.0
5.0,2.0,3.0
3.0,4.0,2.0
1.0,4.0,2.0
5.0,4.0,3.0
3.0,4.0,2.0
3.0,2.0,2.0
3.0,4.0,3.0
3.0,4.0,3.0
3.0,4.0,4.0
3.0,4.0,2.0
3.0,4.0,3.0
2.0,4.0,2.0
2.0,2.0,3.0
2.0,2.0,2.0
5.0,4.0,3.0
3.0,4.0,3.0
3.0,4.0,2.0
5.0,4.0,2.0
2.0,4.0,2.0
3.0,2.0,4.0
3.0,4.0,2.0
5.0,4.0,3.0
2.0,4.0,2.0
3.0,4.0,3.0
2.0,4.0,4.0
1.0,4.0,3.0
2.0,4.0,4.0
3.0,4.0,3.0
2.0,2.0,3.0
1.0,4.0,3.0
1.0,4.0,2.0
2.0,4.0,2.0
3.0,4.0,2.0
5.0,4.0,2.0
3.0,4.0,4.0
2.0,4.0,3.0
1.0,4.0,2.0
3.0,4.0,4.0
3.0,4.0,4.0
2.0,4.0,3.0
5.0,4.0,4.0
2.0,2.0,3.0
1.0,4.0,4.0
5.0,4.0,2.0
3.0,2.0,4.0
1.0,2.0,3.0
3.0,4.0,3.0
3.0,4.0,3.0
1.0,4.0,3.0
3.0,4.0,3.0
5.0,4.0,3.0
3.0,4.0,3.0
3.0,4.0,2.0
3.0,4.0,3.0
3.0,4.0,3.0
3.0,4.0,2.0
1.0,4.0,4.0
3.0,4.0,4.0
1.0,4.0,2.0
3.0,4.0,4.0
5.0,4.0,4.0
2.0,2.0,4.0
1.0,4.0,2.0
3.0,4.0,4.0
3.0,4.0,2.0
5.0,4.0,3.0
3.0,4.0,2.0
3.0,4.0,2.0
1.0,4.0,2.0
3.0,4.0,4.0
2.0,4.0,2.0
3.0,4.0,2.0
3.0,4.0,2.0
3.0,4.0,2.0
2.0,2.0,3.0
3.0,2.0,2.0
3.0,4.0,4.0
3.0,2.0,3.0
3.0,2.0,2.0
3.0,4.0,2.0
1.0,4.0,3.0
2.0,4.0,4.0
5.0,4.0,4.0
3.0,4.0,3.0
3.0,4.0,3.0
1.0,4.0,2.0
3.0,4.0,2.0
3.0,4.0,2.0
3.0,4.0,3.0
2.0,4.0,2.0
3.0,4.0,3.0
2.0,4.0,3.0
3.0,4.0,3.0
3.0,4.0,2.0
3.0,4.0,2.0
5.0,4.0,4.0
3.0,4.0,3.0
3.0,4.0,4.0
2.0,4.0,2.0
2.0,2.0,3.0
5.0,4.0,2.0
1.0,4.0,4.0
5.0,4.0,4.0
3.0,4.0,4.0
3.0,4.0,4.0
3.0,4.0,2.0
2.0,4.0,3.0
1.0,4.0,4.0
1.0,4.0,3.0
3.0,4.0,3.0
3.0,4.0,2.0
1.0,4.0,3.0
3.0,4.0,4.0
1.0,4.0,3.0
3.0,4.0,4.0
3.0,4.0,3.0
2.0,4.0,3.0
3.0,4.0,4.0
1.0,4.0,3.0
2.0,4.0,4.0
3.0,4.0,2.0
2.0,4.0,3.0
3.0,4.0,4.0
3.0,4.0,4.0
3.0,4.0,3.0
3.0,4.0,3.0
3.0,4.0,4.0
5.0,4.0,2.0
3.0,2.0,4.0
3.0,4.0,3.0
1.0,2.0,2.0
3.0,4.0,4.0
3.0,4.0,3.0
2.0,4.0,3.0
1.0,4.0,3.0
3.0,2.0,3.0
3.0,4.0,4.0
5.0,4.0,2.0
3.0,4.0,3.0
1.0,2.0,3.0
3.0,4.0,2.0
2.0,2.0,2.0
3.0,4.0,4.0
3.0,4.0,2.0
3.0,4.0,3.0
5.0,4.0,3.0
3.0,2.0,4.0
5.0,4.0,4.0
3.0,2.0,2.0
2.0,4.0,2.0
3.0,4.0,3.0
3.0,4.0,4.0
3.0,4.0,2.0
1.0,2.0,2.0
3.0,4.0,4.0
3.0,4.0,3.0
1.0,2.0,3.0
3.0,4.0,2.0
3.0,4.0,2.0
3.0,4.0,2.0
3.0,4.0,2.0
3.0,4.0,3.0
3.0,4.0,3.0
1.0,4.0,2.0
3.0,4.0,4.0
3.0,4.0,3.0
2.0,4.0,2.0
3.0,2.0,3.0
3.0,4.0,4.0
5.0,4.0,3.0
1.0,4.0,3.0
3.0,2.0,3.0
3.0,2.0,3.0
2.0,4.0,3.0
3.0,4.0,3.0
2.0,4.0,3.0
3.0,4.0,2.0
3.0,4.0,4.0
3.0,4.0,2.0
3.0,4.0,3.0
3.0,4.0,2.0
2.0,4.0,2.0
3.0,4.0,4.0
2.0,4.0,2.0
1.0,4.0,4.0
3.0,4.0,4.0
5.0,4.0,4.0
1.0,4.0,3.0
1.0,4.0,3.0
3.0,4.0,2.0
5.0,2.0,3.0
2.0,4.0,2.0
1.0,4.0,2.0
5.0,4.0,4.0
2.0,4.0,4.0
3.0,4.0,3.0
1.0,4.0,2.0
3.0,4.0,4.0
3.0,4.0,2.0
5.0,4.0,3.0
3.0,2.0,3.0
3.0,4.0,2.0
3.0,4.0,3.0
3.0,4.0,3.0
2.0,4.0,3.0
5.0,2.0,3.0
3.0,4.0,2.0
3.0,4.0,4.0
3.0,4.0,2.0
3.0,4.0,3.0
3.0,2.0,3.0
3.0,4.0,2.0
1.0,4.0,2.0
2.0,4.0,2.0
1.0,4.0,2.0
3.0,4.0,3.0
3.0,4.0,4.0
3.0,4.0,2.0
3.0,4.0,3.0
3.0,4.0,3.0
2.0,4.0,3.0
5.0,4.0,3.0
3.0,4.0,2.0
3.0,4.0,2.0
1.0,4.0,2.0
1.0,4.0,2.0
3.0,4.0,2.0
3.0,4.0,2.0
1.0,4.0,4.0
3.0,2.0,3.0
5.0,4.0,3.0
3.0,4.0,2.0
1.0,2.0,3.0
1.0,4.0,2.0
3.0,4.0,4.0
1.0,2.0,3.0
5.0,4.0,3.0
1.0,4.0,3.0
3.0,4.0,3.0
3.0,4.0,2.0
3.0,4.0,3.0
3.0,4.0,4.0
3.0,4.0,3.0
3.0,4.0,3.0
1.0,4.0,2.0
2.0,4.0,2.0
3.0,4.0,4.0
3.0,4.0,4.0
3.0,4.0,2.0
2.0,4.0,4.0
5.0,4.0,2.0
3.0,4.0,2.0
3.0,2.0,4.0
5.0,2.0,2.0
3.0,4.0,3.0
3.0,4.0,3.0
3.0,4.0,4.0
1.0,2.0,3.0
3.0,4.0,2.0
1.0,4.0,4.0
3.0,4.0,2.0
2.0,2.0,2.0
5.0,2.0,3.0
3.0,4.0,3.0
2.0,4.0,4.0
5.0,4.0,2.0
1.0,4.0,2.0
2.0,2.0,4.0
5.0,4.0,3.0
3.0,4.0,2.0
3.0,4.0,2.0
1.0,4.0,2.0
5.0,4.0,3.0
3.0,4.0,4.0
3.0,4.0,2.0
2.0,4.0,3.0
3.0,2.0,4.0
3.0,4.0,2.0
3.0,4.0,4.0
3.0,4.0,4.0
3.0,4.0,3.0
2.0,4.0,4.0
3.0,4.0,2.0
3.0,4.0,3.0
2.0,2.0,2.0
1.0,4.0,2.0
5.0,4.0,2.0
5.0,4.0,2.0
3.0,4.0,2.0
3.0,4.0,4.0
3.0,4.0,2.0
3.0,4.0,3.0
3.0,2.0,4.0
1.0,4.0,4.0
2.0,2.0,3.0
1.0,4.0,4.0
3.0,4.0,3.0
3.0,4.0,2.0
3.0,2.0,2.0
5.0,4.0,2.0
2.0,2.0,2.0
1.0,4.0,3.0
3.0,4.0,2.0
1.0,2.0,4.0
1.0,2.0,3.0
3.0,4.0,3.0
2.0,4.0,2.0
1.0,4.0,2.0
3.0,4.0,3.0
3.0,4.0,2.0
2.0,4.0,2.0
1.0,4.0,2.0
1.0,4.0,3.0
1.0,4.0,3.0
3.0,2.0,2.0
3.0,4.0,3.0
3.0,4.0,3.0
3.0,4.0,2.0
1.0,4.0,3.0
3.0,4.0,2.0
1.0,4.0,2.0
3.0,4.0,3.0
3.0,4.0,2.0
1.0,4.0,3.0
3.0,4.0,3.0
3.0,2.0,2.0
3.0,4.0,3.0
2.0,4.0,4.0
3.0,4.0,2.0
5.0,4.0,2.0
2.0,4.0,3.0
3.0,2.0,2.0
5.0,2.0,3.0
2.0,2.0,2.0
3.0,4.0,4.0
3.0,4.0,4.0
2.0,4.0,2.0
3.0,4.0,3.0
3.0,4.0,3.0
3.0,4.0,2.0
3.0,4.0,3.0
1.0,4.0,2.0
3.0,4.0,2.0
3.0,4.0,2.0
3.0,4.0,4.0
3.0,2.0,2.0
3.0,4.0,3.0
3.0,2.0,4.0
3.0,4.0,3.0
3.0,4.0,3.0
3.0,2.0,3.0
2.0,4.0,2.0
3.0,4.0,3.0
5.0,2.0,2.0
3.0,2.0,4.0
2.0,4.0,3.0
1.0,4.0,4.0
3.0,4.0,2.0
3.0,4.0,4.0
5.0,4.0,2.0
3.0,4.0,3.0
3.0,4.0,2.0
1.0,4.0,2.0
1.0,4.0,3.0
3.0,4.0,4.0
3.0,2.0,4.0
3.0,4.0,3.0
3.0,4.0,2.0
3.0,4.0,2.0
3.0,4.0,2.0
3.0,4.0,3.0
3.0,2.0,4.0
3.0,4.0,3.0
1.0,4.0,4.0
3.0,2.0,2.0
1.0,4.0,2.0
2.0,4.0,3.0
3.0,4.0,4.0
3.0,2.0,2.0
3.0,4.0,4.0
5.0,4.0,4.0
3.0,4.0,3.0
3.0,4.0,2.0
3.0,2.0,2.0
3.0,4.0,2.0
1.0,2.0,2.0
3.0,2.0,2.0
3.0,4.0,3.0
3.0,4.0,3.0
3.0,2.0,4.0
3.0,4.0,2.0
3.0,4.0,4.0
3.0,4.0,2.0
3.0,4.0,3.0
3.0,4.0,3.0
3.0,4.0,2.0
3.0,4.0,2.0
3.0,4.0,3.0
2.0,4.0,2.0
3.0,4.0,2.0
3.0,4.0,2.0
3.0,4.0,2.0
3.0,4.0,3.0
1.0,4.0,2.0
1.0,4.0,2.0
3.0,2.0,3.0
3.0,2.0,3.0
3.0,4.0,4.0
2.0,4.0,3.0
5.0,2.0,4.0
3.0,4.0,2.0
2.0,2.0,3.0
3.0,4.0,2.0
3.0,4.0,4.0
3.0,4.0,4.0
3.0,4.0,2.0
3.0,4.0,3.0
1.0,4.0,2.0
1.0,4.0,3.0
1.0,4.0,2.0
3.0,2.0,3.0
3.0,4.0,3.0
3.0,2.0,3.0
3.0,2.0,2.0
2.0,4.0,4.0
3.0,2.0,4.0
3.0,4.0,3.0
3.0,2.0,2.0
3.0,4.0,3.0
3.0,4.0,2.0
1.0,4.0,2.0
3.0,4.0,2.0
3.0,4.0,2.0
3.0,4.0,2.0
3.0,4.0,2.0
3.0,2.0,3.0
3.0,4.0,2.0
3.0,4.0,3.0
3.0,2.0,3.0
1.0,4.0,2.0
2.0,4.0,2.0
3.0,4.0,3.0
5.0,4.0,4.0
3.0,2.0,4.0
3.0,4.0,4.0
1.0,4.0,3.0
5.0,4.0,4.0
3.0,4.0,3.0
3.0,4.0,3.0
3.0,4.0,3.0
1.0,2.0,4.0
3.0,4.0,2.0
3.0,4.0,4.0
3.0,4.0,2.0
3.0,4.0,3.0
3.0,4.0,4.0
3.0,2.0,3.0
3.0,4.0,2.0
3.0,4.0,2.0
3.0,4.0,3.0
1.0,4.0,3.0
3.0,4.0,2.0
5.0,2.0,4.0
1.0,4.0,3.0
3.0,4.0,3.0
3.0,4.0,4.0
3.0,4.0,3.0
3.0,4.0,4.0
3.0,4.0,2.0
5.0,4.0,2.0
3.0,2.0,4.0
5.0,4.0,2.0
1.0,4.0,4.0
3.0,4.0,2.0
3.0,4.0,2.0
5.0,4.0,4.0
1.0,4.0,2.0
3.0,4.0,4.0
2.0,4.0,3.0
3.0,2.0,2.0
3.0,2.0,3.0
1.0,4.0,3.0
2.0,4.0,2.0
2.0,4.0,2.0
3.0,4.0,4.0
3.0,2.0,3.0
5.0,4.0,2.0
3.0,4.0,4.0
3.0,2.0,3.0
2.0,4.0,2.0
3.0,2.0,3.0
3.0,4.0,2.0
3.0,4.0,2.0
3.0,4.0,3.0
3.0,2.0,2.0
3.0,4.0,4.0
3.0,4.0,3.0
3.0,4.0,2.0
3.0,4.0,2.0
2.0,4.0,2.0
3.0,4.0,3.0
3.0,4.0,3.0
1.0,2.0,3.0
3.0,4.0,4.0
3.0,4.0,3.0
3.0,4.0,2.0
1.0,4.0,2.0
3.0,4.0,2.0
3.0,4.0,3.0
2.0,2.0,4.0
2.0,2.0,4.0
2.0,4.0,2.0
1.0,2.0,3.0
5.0,4.0,4.0
2.0,2.0,4.0
3.0,4.0,4.0
3.0,4.0,3.0
3.0,4.0,3.0
3.0,4.0,2.0
3.0,4.0,2.0
2.0,4.0,2.0
3.0,4.0,3.0
3.0,2.0,3.0
3.0,4.0,2.0
3.0,2.0,3.0
3.0,4.0,4.0
3.0,4.0,3.0
3.0,2.0,3.0
1.0,2.0,4.0
1.0,4.0,3.0
3.0,4.0,3.0
1.0,4.0,2.0
1.0,4.0,3.0
1.0,4.0,2.0
3.0,4.0,3.0
1.0,2.0,3.0
2.0,4.0,2.0
3.0,2.0,2.0
3.0,4.0,2.0
3.0,4.0,3.0
3.0,2.0,3.0
2.0,4.0,4.0
3.0,4.0,2.0
1.0,4.0,4.0
5.0,4.0,3.0
3.0,2.0,2.0
1.0,4.0,2.0
3.0,4.0,3.0
1.0,4.0,2.0
3.0,4.0,2.0
2.0,2.0,4.0
2.0,4.0,4.0
5.0,4.0,3.0
3.0,4.0,2.0
1.0,4.0,2.0
3.0,4.0,4.0
3.0,4.0,4.0
3.0,4.0,4.0
2.0,4.0,3.0
1.0,4.0,3.0
3.0,4.0,4.0
2.0,4.0,3.0
5.0,4.0,2.0
3.0,4.0,2.0
3.0,4.0,2.0
3.0,4.0,4.0
1.0,4.0,3.0
3.0,4.0,2.0
3.0,4.0,2.0
5.0,4.0,4.0
3.0,4.0,2.0
2.0,2.0,3.0
3.0,2.0,3.0
3.0,2.0,4.0
3.0,4.0,2.0
3.0,4.0,4.0
3.0,2.0,3.0
3.0,4.0,2.0
3.0,4.0,2.0
1.0,4.0,2.0
3.0,2.0,3.0
5.0,4.0,2.0
3.0,4.0,4.0
3.0,4.0,4.0
3.0,4.0,3.0
2.0,2.0,3.0
5.0,4.0,4.0
3.0,4.0,2.0
2.0,4.0,3.0
3.0,4.0,3.0
2.0,4.0,3.0
3.0,4.0,4.0
3.0,4.0,3.0
3.0,4.0,4.0
3.0,4.0,3.0
5.0,4.0,4.0
3.0,2.0,2.0
2.0,4.0,2.0
3.0,4.0,3.0
3.0,4.0,3.0
2.0,4.0,2.0
5.0,2.0,4.0
3.0,4.0,4.0
2.0,4.0,4.0
3.0,4.0,3.0
5.0,4.0,2.0
1.0,2.0,4.0
2.0,4.0,2.0
2.0,4.0,2.0
3.0,4.0,2.0
3.0,4.0,2.0
3.0,4.0,2.0
3.0,2.0,4.0
5.0,4.0,3.0
5.0,2.0,4.0
3.0,4.0,4.0
3.0,4.0,3.0
1.0,4.0,2.0
2.0,2.0,3.0
3.0,4.0,2.0
3.0,4.0,4.0
3.0,4.0,4.0
2.0,4.0,2.0
1.0,4.0,2.0
3.0,4.0,2.0
3.0,4.0,2.0
1.0,4.0,3.0
3.0,2.0,3.0
1.0,4.0,3.0
5.0,4.0,3.0
3.0,4.0,3.0
2.0,4.0,4.0
5.0,2.0,4.0
5.0,4.0,3.0
1.0,4.0,2.0
3.0,4.0,2.0
2.0,4.0,4.0
5.0,4.0,4.0
3.0,4.0,2.0
5.0,4.0,4.0
3.0,4.0,2.0
3.0,4.0,2.0
3.0,4.0,2.0
3.0,4.0,3.0
3.0,4.0,4.0
3.0,4.0,2.0
2.0,4.0,3.0
1.0,2.0,4.0
2.0,4.0,4.0
3.0,4.0,2.0
5.0,4.0,2.0
3.0,4.0,3.0
5.0,4.0,2.0
3.0,4.0,3.0
3.0,4.0,4.0
1.0,4.0,3.0
3.0,2.0,2.0
3.0,4.0,4.0
3.0,4.0,2.0
3.0,4.0,4.0
3.0,2.0,3.0
1.0,4.0,3.0
3.0,2.0,4.0
3.0,4.0,2.0
3.0,4.0,4.0
3.0,4.0,3.0
3.0,4.0,2.0
5.0,2.0,4.0
3.0,4.0,3.0
2.0,4.0,4.0
1.0,4.0,2.0
3.0,2.0,3.0
1.0,4.0,2.0
3.0,4.0,3.0
3.0,4.0,3.0
3.0,4.0,3.0
1.0,4.0,3.0
3.0,4.0,2.0
1.0,4.0,4.0
3.0,2.0,3.0
3.0,4.0,2.0
2.0,4.0,2.0
3.0,2.0,4.0
5.0,4.0,4.0
1.0,2.0,4.0
3.0,4.0,3.0
3.0,4.0,2.0
3.0,2.0,4.0
3.0,4.0,2.0
3.0,4.0,2.0
3.0,4.0,4.0
3.0,4.0,2.0
3.0,4.0,4.0
3.0,4.0,3.0
5.0,2.0,3.0
3.0,4.0,3.0
3.0,4.0,2.0
3.0,4.0,2.0
5.0,2.0,2.0
3.0,4.0,2.0
3.0,4.0,2.0
3.0,2.0,4.0
5.0,4.0,2.0
1.0,4.0,2.0
2.0,2.0,3.0
3.0,4.0,2.0
1.0,4.0,3.0
1.0,4.0,3.0
5.0,4.0,3.0
2.0,4.0,2.0
5.0,2.0,2.0
3.0,4.0,3.0
1.0,4.0,2.0
5.0,4.0,3.0
3.0,4.0,3.0
5.0,2.0,2.0
1.0,4.0,3.0
1.0,2.0,3.0
1.0,2.0,3.0
3.0,4.0,4.0
3.0,4.0,3.0
3.0,4.0,3.0
2.0,4.0,3.0
1.0,2.0,2.0
3.0,4.0,3.0
3.0,4.0,4.0
3.0,4.0,3.0
5.0,4.0,3.0
3.0,4.0,4.0
3.0,4.0,3.0
5.0,4.0,3.0
5.0,4.0,2.0
5.0,2.0,4.0
5.0,2.0,2.0
3.0,2.0,3.0
3.0,4.0,2.0
3.0,4.0,2.0
1.0,2.0,4.0
3.0,4.0,2.0
3.0,4.0,3.0
1.0,4.0,2.0
1.0,2.0,3.0
5.0,4.0,4.0
3.0,4.0,4.0
3.0,4.0,2.0
3.0,2.0,2.0
2.0,4.0,2.0
3.0,4.0,3.0
3.0,2.0,2.0
1.0,4.0,2.0
3.0,4.0,3.0
3.0,4.0,3.0
5.0,4.0,4.0
3.0,4.0,2.0
1.0,4.0,4.0
2.0,4.0,3.0
3.0,4.0,3.0
2.0,4.0,2.0
5.0,4.0,4.0
5.0,4.0,3.0
3.0,4.0,2.0
5.0,4.0,3.0
3.0,4.0,3.0
3.0,4.0,2.0
3.0,2.0,3.0
3.0,4.0,3.0
1.0,4.0,3.0
3.0,4.0,4.0
2.0,2.0,4.0
1.0,4.0,4.0
2.0,4.0,2.0
3.0,2.0,3.0
1.0,4.0,3.0
2.0,2.0,2.0
3.0,4.0,2.0
5.0,4.0,3.0
3.0,4.0,2.0
5.0,4.0,4.0
3.0,4.0,3.0
3.0,2.0,3.0
3.0,2.0,4.0
3.0,4.0,3.0
2.0,4.0,3.0
2.0,4.0,4.0
2.0,4.0,4.0
3.0,2.0,3.0
3.0,4.0,2.0
3.0,4.0,3.0
3.0,4.0,3.0
3.0,2.0,3.0
5.0,4.0,2.0
2.0,4.0,3.0
3.0,2.0,4.0
3.0,2.0,3.0
1.0,2.0,2.0
3.0,4.0,3.0
3.0,4.0,2.0
3.0,2.0,3.0
5.0,2.0,4.0
2.0,4.0,3.0
3.0,4.0,3.0
1.0,4.0,4.0
2.0,4.0,2.0
2.0,2.0,2.0
5.0,2.0,4.0
1.0,4.0,2.0
1.0,4.0,4.0
1.0,4.0,2.0
2.0,4.0,2.0
1.0,4.0,4.0
3.0,4.0,4.0
1.0,4.0,3.0
3.0,4.0,4.0
3.0,4.0,3.0
5.0,2.0,3.0
3.0,4.0,3.0
3.0,2.0,3.0
1.0,4.0,3.0
5.0,4.0,4.0
3.0,4.0,3.0
3.0,4.0,3.0
3.0,2.0,4.0
3.0,4.0,2.0
3.0,4.0,3.0
2.0,2.0,4.0
3.0,4.0,2.0
2.0,4.0,3.0
1.0,4.0,2.0
3.0,4.0,2.0
3.0,4.0,3.0
3.0,4.0,3.0
3.0,2.0,3.0
1.0,2.0,3.0
3.0,4.0,3.0
5.0,4.0,4.0
1.0,2.0,2.0
2.0,4.0,3.0
3.0,4.0,3.0
3.0,4.0,3.0
3.0,4.0,3.0
3.0,4.0,3.0
3.0,4.0,3.0
1.0,4.0,2.0
1.0,4.0,2.0
3.0,4.0,2.0
3.0,2.0,4.0
2.0,4.0,3.0
5.0,4.0,4.0
5.0,4.0,4.0
3.0,4.0,3.0
5.0,4.0,4.0
2.0,4.0,4.0
3.0,4.0,2.0
3.0,4.0,3.0
1.0,4.0,3.0
3.0,4.0,2.0
5.0,2.0,3.0
3.0,4.0,3.0
5.0,4.0,2.0
3.0,4.0,3.0
3.0,4.0,3.0
1.0,4.0,4.0
3.0,2.0,3.0
3.0,4.0,4.0
5.0,4.0,3.0
3.0,4.0,3.0
2.0,2.0,2.0
1.0,4.0,4.0
3.0,4.0,3.0
3.0,4.0,2.0
5.0,4.0,3.0
3.0,4.0,2.0
2.0,4.0,2.0
1.0,4.0,3.0
3.0,4.0,3.0
2.0,4.0,2.0
3.0,2.0,3.0
1.0,4.0,3.0
3.0,4.0,4.0
3.0,4.0,4.0
3.0,4.0,2.0
3.0,4.0,3.0
3.0,2.0,2.0
2.0,4.0,2.0
3.0,2.0,4.0
5.0,4.0,3.0
5.0,4.0,3.0
3.0,4.0,4.0
5.0,2.0,4.0
3.0,4.0,3.0
3.0,4.0,2.0
5.0,4.0,3.0
2.0,4.0,3.0
2.0,4.0,2.0
3.0,2.0,3.0
5.0,2.0,3.0
1.0,4.0,2.0
5.0,4.0,4.0
3.0,4.0,4.0
3.0,4.0,2.0
5.0,4.0,2.0
5.0,2.0,2.0
3.0,4.0,4.0
2.0,2.0,3.0
3.0,4.0,2.0
5.0,4.0,2.0
3.0,4.0,4.0
3.0,4.0,4.0
3.0,2.0,3.0
3.6666666666666665,2.6,2.6
3.8571428571428568,4.2,1.8
3.2857142857142856,3.4000000000000004,2.6
4.0476190476190474,4.2,1.8
4.0476190476190474,3.4000000000000004,5.0
4.809523809523809,5.0,1.8
1.7619047619047619,1.8,4.2
4.238095238095238,3.4000000000000004,1.8
3.4761904761904763,3.4000000000000004,2.6
2.142857142857143,2.6,1.8
4.238095238095238,3.4000000000000004,1.8
4.238095238095238,3.4000000000000004,1.8
1.9523809523809523,2.6,4.2
2.7142857142857144,2.6,1.8
1.380952380952381,2.6,4.2
3.095238095238095,3.4000000000000004,2.6
2.142857142857143,1.8,4.2
2.333333333333333,2.6,4.2
3.095238095238095,3.4000000000000004,2.6
5.0,5.0,1.8
1.5714285714285714,2.6,4.2
4.428571428571429,5.0,1.8
2.333333333333333,2.6,4.2
4.809523809523809,3.4000000000000004,1.8
3.4761904761904763,2.6,2.6
2.142857142857143,1.8,5.0
4.428571428571429,3.4000000000000004,1.8
2.333333333333333,1.0,3.4000000000000004
3.4761904761904763,2.6,3.4000000000000004
4.238095238095238,3.4000000000000004,1.8
1.0,2.6,5.0
3.8571428571428568,4.2,1.0
3.8571428571428568,3.4000000000000004,1.8
2.7142857142857144,3.4000000000000004,2.6
2.333333333333333,2.6,4.2
2.7142857142857144,3.4000000000000004,2.6
3.2857142857142856,2.6,3.4000000000000004
2.333333333333333,2.6,5.0
5.0,4.2,1.8
1.9523809523809523,1.8,5.0
1.9523809523809523,2.6,5.0
2.5238095238095237,2.6,4.2
1.1904761904761905,1.8,5.0
4.619047619047619,3.4000000000000004,1.8
3.8571428571428568,3.4000000000000004,1.8
1.5714285714285714,2.6,5.0
4.619047619047619,4.2,1.8
2.333333333333333,2.6,4.2
3.2857142857142856,2.6,2.6
1.380952380952381,2.6,5.0
2.5238095238095237,1.8,4.2
2.9047619047619047,2.6,3.4000000000000004
2.142857142857143,2.6,4.2
4.619047619047619,3.4000000000000004,1.8
3.4761904761904763,3.4000000000000004,3.4000000000000004
3.4761904761904763,3.4000000000000004,2.6
3.2857142857142856,2.6,2.6
2.5238095238095237,1.8,5.0
1.7619047619047619,2.6,4.2
1.7619047619047619,2.6,4.2
1.7619047619047619,1.8,4.2
2.5238095238095237,1.0,1.0
1.5714285714285714,1.8,4.2
3.2857142857142856,3.4000000000000004,2.6
5.0,1.0,5.0
1.9523809523809523,2.6,4.2
4.428571428571429,4.2,1.8
3.095238095238095,3.4000000000000004,3.4000000000000004
3.095238095238095,3.4000000000000004,2.6
1.1904761904761905,2.6,3.4000000000000004
1.9523809523809523,1.8,5.0
5.0,5.0,1.8
1.380952380952381,1.8,4.2
1.0,1.8,4.2
5.0,4.2,1.8
4.238095238095238,5.0,1.8
4.809523809523809,5.0,1.8
1.1904761904761905,1.8,5.0
3.4761904761904763,3.4000000000000004,2.6
4.428571428571429,4.2,1.8
1.7619047619047619,1.8,5.0
2.7142857142857144,3.4000000000000004,2.6
4.238095238095238,4.2,1.8
1.0,2.6,4.2
3.4761904761904763,2.6,3.4000000000000004
2.9047619047619047,2.6,2.6
2.7142857142857144,2.6,3.4000000000000004
4.238095238095238,5.0,1.8
3.095238095238095,3.4000000000000004,3.4000000000000004
4.238095238095238,4.2,1.8
2.7142857142857144,3.4000000000000004,2.6
4.0476190476190474,5.0,1.8
4.809523809523809,4.2,1.8
2.7142857142857144,4.2,5.0
2.5238095238095237,5.0,5.0
4.619047619047619,5.0,3.4000000000000004
3.8571428571428568,4.2,1.8
4.238095238095238,3.4000000000000004,1.8
2.142857142857143,1.8,5.0
2.7142857142857144,3.4000000000000004,3.4000000000000004
3.4761904761904763,1.0,4.2
4.809523809523809,2.6,4.2
3.095238095238095,2.6,2.6
3.2857142857142856,2.6,2.6
1.5714285714285714,1.8,4.2
2.5238095238095237,2.6,5.0
4.619047619047619,3.4000000000000004,1.8
1.5714285714285714,2.6,4.2
4.0476190476190474,5.0,1.8
3.8571428571428568,3.4000000000000004,1.8
1.1904761904761905,1.8,5.0
4.238095238095238,3.4000000000000004,1.8
1.9523809523809523,1.8,4.2
2.7142857142857144,3.4000000000000004,2.6
1.5714285714285714,2.6,4.2
4.238095238095238,5.0,1.8
3.4761904761904763,3.4000000000000004,3.4000000000000004
4.619047619047619,3.4000000000000004,1.8
4.428571428571429,5.0,1.8
2.7142857142857144,2.6,2.6
2.142857142857143,1.8,4.2
4.428571428571429,4.2,1.8
2.333333333333333,1.8,4.2
2.7142857142857144,2.6,3.4000000000000004
3.4761904761904763,2.6,2.6
4.619047619047619,3.4000000000000004,4.2
3.4761904761904763,2.6,3.4000000000000004
2.142857142857143,2.6,4.2
3.6666666666666665,5.0,3.4000000000000004
3.6666666666666665,3.4000000000000004,3.4000000000000004
1.9523809523809523,2.6,4.2
3.2857142857142856,3.4000000000000004,3.4000000000000004
4.809523809523809,4.2,1.0
3.6666666666666665,2.6,3.4000000000000004
3.095238095238095,2.6,3.4000000000000004
2.333333333333333,5.0,1.0
2.142857142857143,1.8,4.2
4.619047619047619,3.4000000000000004,1.8
2.5238095238095237,2.6,4.2
2.9047619047619047,2.6,3.4000000000000004
1.1904761904761905,5.0,5.0
3.4761904761904763,5.0,5.0
3.095238095238095,3.4000000000000004,2.6
1.380952380952381,2.6,5.0
2.142857142857143,5.0,5.0
1.380952380952381,2.6,5.0
2.7142857142857144,2.6,2.6
4.428571428571429,5.0,1.8
2.7142857142857144,3.4000000000000004,2.6
4.428571428571429,3.4000000000000004,1.8
2.5238095238095237,2.6,5.0
2.7142857142857144,3.4000000000000004,3.4000000000000004
3.6666666666666665,2.6,3.4000000000000004
4.0476190476190474,3.4000000000000004,1.8
4.428571428571429,3.4000000000000004,1.8
2.9047619047619047,2.6,2.6
2.142857142857143,1.8,4.2
3.2857142857142856,2.6,2.6
1.380952380952381,2.6,5.0
1.1904761904761905,1.8,5.0
3.4761904761904763,2.6,2.6
3.8571428571428568,1.0,3.4000000000000004
3.8571428571428568,3.4000000000000004,1.8
3.095238095238095,2.6,3.4000000000000004
1.9523809523809523,1.8,5.0
3.8571428571428568,4.2,1.8
2.9047619047619047,3.4000000000000004,2.6
1.380952380952381,1.8,4.2
3.095238095238095,3.4000000000000004,3.4000000000000004
2.7142857142857144,3.4000000000000004,3.4000000000000004
1.7619047619047619,1.8,4.2
4.238095238095238,2.6,2.6
3.4761904761904763,3.4000000000000004,3.4000000000000004
2.142857142857143,1.8,5.0
1.9523809523809523,2.6,4.2
3.8571428571428568,3.4000000000000004,1.8
4.238095238095238,4.2,1.8
5.0,5.0,1.8
1.7619047619047619,5.0,3.4000000000000004
2.333333333333333,1.0,3.4000000000000004
1.7619047619047619,1.8,5.0
4.809523809523809,4.2,1.8
2.7142857142857144,3.4000000000000004,3.4000000000000004
2.142857142857143,1.8,5.0
3.095238095238095,2.6,3.4000000000000004
4.809523809523809,4.2,1.8
2.9047619047619047,2.6,3.4000000000000004
1.5714285714285714,1.8,5.0
3.095238095238095,2.6,2.6
4.428571428571429,3.4000000000000004,1.8
2.142857142857143,5.0,5.0
2.9047619047619047,3.4000000000000004,2.6
3.6666666666666665,3.4000000000000004,3.4000000000000004
3.095238095238095,2.6,3.4000000000000004
2.142857142857143,1.0,1.0
4.0476190476190474,5.0,1.8
4.238095238095238,3.4000000000000004,1.8
2.142857142857143,2.6,5.0
3.4761904761904763,3.4000000000000004,3.4000000000000004
1.380952380952381,1.8,5.0
5.0,3.4000000000000004,1.8
4.0476190476190474,4.2,1.8
4.0476190476190474,5.0,1.8
2.9047619047619047,2.6,3.4000000000000004
5.0,1.0,3.4000000000000004
4.809523809523809,3.4000000000000004,1.8
3.8571428571428568,3.4000000000000004,1.8
4.619047619047619,3.4000000000000004,1.8
4.238095238095238,3.4000000000000004,1.8
2.333333333333333,1.0,1.8
3.2857142857142856,3.4000000000000004,2.6
4.0476190476190474,5.0,5.0
1.1904761904761905,1.8,4.2
3.4761904761904763,3.4000000000000004,3.4000000000000004
2.5238095238095237,1.8,5.0
4.619047619047619,3.4000000000000004,1.8
3.095238095238095,3.4000000000000004,2.6
2.7142857142857144,2.6,2.6
1.9523809523809523,2.6,4.2
3.4761904761904763,3.4000000000000004,1.8
4.619047619047619,2.6,2.6
2.9047619047619047,2.6,2.6
3.095238095238095,2.6,2.6
4.619047619047619,4.2,1.8
1.1904761904761905,1.8,4.2
3.4761904761904763,3.4000000000000004,2.6
1.7619047619047619,1.8,4.2
3.2857142857142856,2.6,2.6
2.7142857142857144,2.6,3.4000000000000004
2.7142857142857144,2.6,3.4000000000000004
1.5714285714285714,1.8,4.2
1.7619047619047619,1.8,4.2
1.5714285714285714,1.8,5.0
3.4761904761904763,2.6,2.6
3.8571428571428568,3.4000000000000004,1.8
4.0476190476190474,5.0,1.8
5.0,4.2,1.8
3.4761904761904763,3.4000000000000004,2.6
3.095238095238095,3.4000000000000004,3.4000000000000004
2.142857142857143,2.6,4.2
2.7142857142857144,2.6,3.4000000000000004
3.2857142857142856,2.6,4.2
3.2857142857142856,3.4000000000000004,3.4000000000000004
3.6666666666666665,3.4000000000000004,2.6
2.142857142857143,1.8,4.2
2.333333333333333,2.6,4.2
2.142857142857143,2.6,4.2
5.0,5.0,1.8
4.0476190476190474,5.0,1.8
2.333333333333333,1.8,4.2
4.0476190476190474,3.4000000000000004,1.8
3.4761904761904763,3.4000000000000004,3.4000000000000004
1.9523809523809523,3.4000000000000004,4.2
3.4761904761904763,2.6,3.4000000000000004
1.9523809523809523,2.6,4.2
3.095238095238095,2.6,2.6
2.333333333333333,2.6,5.0
1.1904761904761905,1.8,4.2
3.095238095238095,2.6,2.6
1.9523809523809523,1.0,4.2
2.5238095238095237,2.6,5.0
3.2857142857142856,2.6,3.4000000000000004
2.5238095238095237,2.6,4.2
3.6666666666666665,2.6,2.6
2.7142857142857144,2.6,3.4000000000000004
3.2857142857142856,3.4000000000000004,2.6
2.9047619047619047,3.4000000000000004,3.4000000000000004
4.0476190476190474,5.0,1.8
1.1904761904761905,1.8,4.2
2.5238095238095237,2.6,4.2
2.7142857142857144,2.6,3.4000000000000004
2.333333333333333,2.6,5.0
4.619047619047619,5.0,1.8
5.0,4.2,1.8
2.333333333333333,2.6,4.2
2.333333333333333,3.4000000000000004,2.6
4.0476190476190474,4.2,1.8
3.8571428571428568,4.2,1.8
3.6666666666666665,1.8,2.6
3.4761904761904763,3.4000000000000004,3.4000000000000004
4.619047619047619,4.2,1.8
1.9523809523809523,2.6,5.0
4.428571428571429,5.0,1.8
4.809523809523809,4.2,1.8
3.4761904761904763,4.2,1.0
1.1904761904761905,2.6,1.8
1.1904761904761905,1.8,1.0
2.333333333333333,1.8,5.0
3.8571428571428568,3.4000000000000004,1.8
4.0476190476190474,3.4000000000000004,1.8
2.7142857142857144,4.2,3.4000000000000004
1.1904761904761905,2.6,5.0
1.0,2.6,5.0
5.0,1.8,4.2
4.0476190476190474,5.0,1.8
3.2857142857142856,3.4000000000000004,4.2
1.7619047619047619,4.2,5.0
3.095238095238095,2.6,3.4000000000000004
2.7142857142857144,3.4000000000000004,3.4000000000000004
2.9047619047619047,5.0,4.2
1.380952380952381,2.6,4.2
3.4761904761904763,3.4000000000000004,2.6
1.380952380952381,4.2,5.0
4.428571428571429,4.2,1.8
1.7619047619047619,2.6,4.2
1.1904761904761905,4.2,5.0
1.380952380952381,1.8,4.2
2.9047619047619047,3.4000000000000004,3.4000000000000004
4.809523809523809,4.2,1.8
2.9047619047619047,3.4000000000000004,3.4000000000000004
2.333333333333333,1.8,5.0
2.9047619047619047,3.4000000000000004,2.6
3.2857142857142856,1.0,2.6
3.6666666666666665,1.0,1.8
1.0,2.6,4.2
2.333333333333333,2.6,4.2
4.428571428571429,3.4000000000000004,1.8
2.5238095238095237,2.6,5.0
1.5714285714285714,2.6,5.0
3.6666666666666665,3.4000000000000004,3.4000000000000004
1.380952380952381,1.0,1.0
2.142857142857143,2.6,5.0
4.619047619047619,5.0,1.8
4.809523809523809,4.2,1.8
1.1904761904761905,2.6,3.4000000000000004
2.9047619047619047,2.6,2.6
1.5714285714285714,2.6,4.2
1.5714285714285714,1.8,4.2
5.0,5.0,1.8
3.2857142857142856,2.6,2.6
3.095238095238095,3.4000000000000004,3.4000000000000004
1.5714285714285714,1.8,4.2
1.380952380952381,2.6,5.0
1.380952380952381,2.6,5.0
3.2857142857142856,3.4000000000000004,2.6
1.380952380952381,2.6,4.2
3.2857142857142856,2.6,3.4000000000000004
1.5714285714285714,5.0,2.6
2.5238095238095237,1.8,4.2
4.238095238095238,5.0,2.6
5.0,5.0,1.8
2.9047619047619047,2.6,2.6
4.428571428571429,4.2,1.8
5.0,5.0,1.8
5.0,3.4000000000000004,1.8
5.0,5.0,1.8
3.8571428571428568,3.4000000000000004,1.8
5.0,4.2,1.8
3.8571428571428568,5.0,1.8
4.428571428571429,4.2,1.8
3.6666666666666665,2.6,3.4000000000000004
3.095238095238095,3.4000000000000004,3.4000000000000004
3.095238095238095,2.6,3.4000000000000004
4.619047619047619,5.0,1.8
4.619047619047619,4.2,1.8
4.619047619047619,5.0,1.8
2.333333333333333,1.8,5.0
2.9047619047619047,2.6,2.6
2.142857142857143,2.6,4.2
2.142857142857143,1.8,4.2
4.238095238095238,1.0,5.0
3.2857142857142856,2.6,3.4000000000000004
2.7142857142857144,2.6,2.6
2.5238095238095237,1.8,5.0
3.4761904761904763,2.6,3.4000000000000004
1.380952380952381,1.8,4.2
4.238095238095238,1.8,1.0
2.5238095238095237,2.6,4.2
1.9523809523809523,2.6,4.2
1.380952380952381,1.8,4.2
1.380952380952381,1.8,5.0
5.0,4.2,1.8
1.380952380952381,5.0,4.2
3.4761904761904763,3.4000000000000004,2.6
4.809523809523809,4.2,1.8
4.238095238095238,4.2,1.8
3.6666666666666665,3.4000000000000004,3.4000000000000004
1.7619047619047619,2.6,5.0
4.238095238095238,5.0,1.8
1.380952380952381,2.6,4.2
2.7142857142857144,3.4000000000000004,3.4000000000000004
1.9523809523809523,1.8,5.0
4.428571428571429,3.4000000000000004,1.8
2.9047619047619047,2.6,2.6
5.0,1.0,1.0
4.619047619047619,4.2,1.8
3.6666666666666665,2.6,2.6
2.9047619047619047,2.6,3.4000000000000004
4.0476190476190474,5.0,1.8
1.0,1.8,5.0
3.6666666666666665,2.6,2.6
5.0,3.4000000000000004,1.8
3.2857142857142856,2.6,3.4000000000000004
2.142857142857143,3.4000000000000004,1.8
4.428571428571429,5.0,1.8
1.9523809523809523,1.8,5.0
2.9047619047619047,1.8,5.0
1.0,1.8,4.2
4.619047619047619,5.0,1.8
3.8571428571428568,4.2,1.8
5.0,3.4000000000000004,1.8
4.619047619047619,4.2,1.8
2.333333333333333,2.6,4.2
4.0476190476190474,4.2,1.8
3.2857142857142856,4.2,1.0
4.0476190476190474,1.8,5.0
4.238095238095238,4.2,1.8
1.5714285714285714,2.6,5.0
3.2857142857142856,2.6,1.8
3.6666666666666665,3.4000000000000004,3.4000000000000004
3.4761904761904763,3.4000000000000004,2.6
1.380952380952381,1.0,4.2
3.4761904761904763,2.6,2.6
3.095238095238095,3.4000000000000004,2.6
2.9047619047619047,2.6,2.6
4.809523809523809,3.4000000000000004,1.8
1.5714285714285714,1.8,1.8
3.8571428571428568,4.2,1.8
1.0,1.8,5.0
1.7619047619047619,2.6,4.2
1.1904761904761905,4.2,2.6
1.1904761904761905,2.6,4.2
4.428571428571429,1.0,4.2
4.0476190476190474,5.0,1.8
3.095238095238095,3.4000000000000004,3.4000000000000004
2.333333333333333,2.6,4.2
4.428571428571429,3.4000000000000004,1.8
2.7142857142857144,2.6,2.6
1.1904761904761905,1.8,5.0
4.0476190476190474,4.2,1.8
2.5238095238095237,1.8,2.6
2.7142857142857144,3.4000000000000004,3.4000000000000004
2.5238095238095237,2.6,4.2
1.5714285714285714,1.8,5.0
1.5714285714285714,2.6,5.0
3.2857142857142856,2.6,2.6
1.5714285714285714,1.8,4.2
5.0,4.2,3.4000000000000004
1.7619047619047619,1.8,1.8
2.333333333333333,1.8,4.2
2.333333333333333,2.6,5.0
1.5714285714285714,1.8,5.0
1.5714285714285714,1.8,4.2
3.8571428571428568,3.4000000000000004,1.8
3.095238095238095,2.6,3.4000000000000004
5.0,3.4000000000000004,1.8
4.0476190476190474,3.4000000000000004,1.8
4.428571428571429,5.0,1.8
5.0,5.0,1.8
4.809523809523809,3.4000000000000004,2.6
3.8571428571428568,5.0,1.8
2.333333333333333,1.8,4.2
4.428571428571429,2.6,1.0
4.238095238095238,5.0,1.8
1.1904761904761905,3.4000000000000004,3.4000000000000004
3.2857142857142856,1.8,5.0
1.5714285714285714,1.8,4.2
1.9523809523809523,2.6,5.0
3.6666666666666665,2.6,2.6
3.4761904761904763,2.6,2.6
4.428571428571429,4.2,1.8
3.8571428571428568,5.0,1.8
3.095238095238095,2.6,2.6
3.6666666666666665,2.6,2.6
3.8571428571428568,5.0,1.8
1.5714285714285714,2.6,4.2
4.428571428571429,3.4000000000000004,1.8
4.619047619047619,4.2,1.8
4.238095238095238,1.0,3.4000000000000004
4.428571428571429,3.4000000000000004,1.8
4.0476190476190474,5.0,1.8
3.2857142857142856,2.6,2.6
2.5238095238095237,2.6,5.0
1.5714285714285714,2.6,4.2
2.142857142857143,3.4000000000000004,4.2
1.380952380952381,1.0,3.4000000000000004
4.809523809523809,4.2,1.0
4.238095238095238,3.4000000000000004,1.8
3.4761904761904763,3.4000000000000004,2.6
1.1904761904761905,2.6,5.0
5.0,5.0,1.8
3.095238095238095,4.2,4.2
4.0476190476190474,4.2,1.0
3.8571428571428568,4.2,1.8
4.809523809523809,4.2,1.8
4.428571428571429,5.0,1.8
1.380952380952381,2.6,4.2
4.0476190476190474,3.4000000000000004,4.2
2.142857142857143,5.0,4.2
3.6666666666666665,2.6,2.6
3.8571428571428568,5.0,1.8
4.619047619047619,3.4000000000000004,1.8
3.4761904761904763,3.4000000000000004,3.4000000000000004
3.4761904761904763,5.0,5.0
1.7619047619047619,3.4000000000000004,1.0
3.4761904761904763,2.6,2.6
3.4761904761904763,1.8,3.4000000000000004
1.0,1.8,5.0
3.6666666666666665,2.6,2.6
3.8571428571428568,4.2,1.8
1.5714285714285714,1.8,4.2
4.619047619047619,3.4000000000000004,1.8
2.142857142857143,2.6,5.0
1.9523809523809523,5.0,3.4000000000000004
4.0476190476190474,4.2,1.8
1.380952380952381,1.8,4.2
3.4761904761904763,3.4000000000000004,2.6
2.7142857142857144,3.4000000000000004,2.6
4.428571428571429,3.4000000000000004,1.8
3.095238095238095,1.8,5.0
1.1904761904761905,1.8,5.0
4.428571428571429,2.6,1.0
1.9523809523809523,2.6,4.2
4.809523809523809,3.4000000000000004,1.8
3.4761904761904763,2.6,3.4000000000000004
3.2857142857142856,2.6,2.6
2.5238095238095237,4.2,4.2
1.0,1.8,5.0
4.809523809523809,4.2,1.8
2.9047619047619047,3.4000000000000004,2.6
4.619047619047619,3.4000000000000004,5.0
3.2857142857142856,5.0,3.4000000000000004
3.4761904761904763,2.6,3.4000000000000004
3.8571428571428568,4.2,1.8
2.9047619047619047,3.4000000000000004,3.4000000000000004
3.4761904761904763,2.6,2.6
2.333333333333333,1.8,4.2
4.0476190476190474,4.2,1.8
3.095238095238095,3.4000000000000004,2.6
1.7619047619047619,1.8,5.0
2.142857142857143,1.8,4.2
3.095238095238095,3.4000000000000004,3.4000000000000004
2.7142857142857144,3.4000000000000004,2.6
2.333333333333333,2.6,5.0
2.9047619047619047,4.2,3.4000000000000004
4.238095238095238,4.2,1.8
3.095238095238095,2.6,3.4000000000000004
4.619047619047619,5.0,1.8
4.428571428571429,4.2,1.8
5.0,3.4000000000000004,1.8
4.619047619047619,5.0,1.8
2.142857142857143,1.8,5.0
4.0476190476190474,5.0,1.8
2.142857142857143,1.8,4.2
2.333333333333333,2.6,4.2
4.238095238095238,3.4000000000000004,1.8
3.2857142857142856,3.4000000000000004,3.4000000000000004
1.9523809523809523,2.6,5.0
3.095238095238095,2.6,2.6
3.095238095238095,2.6,3.4000000000000004
2.5238095238095237,1.8,5.0
3.2857142857142856,2.6,2.6
2.333333333333333,2.6,5.0
2.9047619047619047,3.4000000000000004,2.6
3.6666666666666665,1.0,5.0
1.7619047619047619,1.8,5.0
2.5238095238095237,2.6,5.0
3.8571428571428568,3.4000000000000004,1.8
4.0476190476190474,4.2,1.0
1.0,2.6,5.0
2.7142857142857144,2.6,2.6
3.6666666666666665,3.4000000000000004,3.4000000000000004
4.0476190476190474,4.2,1.8
4.619047619047619,5.0,1.8
2.7142857142857144,2.6,2.6
2.9047619047619047,2.6,3.4000000000000004
1.380952380952381,1.8,5.0
4.238095238095238,4.2,1.8
2.5238095238095237,2.6,4.2
3.4761904761904763,3.4000000000000004,3.4000000000000004
3.4761904761904763,2.6,2.6
1.9523809523809523,2.6,3.4000000000000004
4.619047619047619,4.2,1.8
1.9523809523809523,1.8,4.2
4.428571428571429,1.8,5.0
2.9047619047619047,3.4000000000000004,3.4000000000000004
2.142857142857143,1.8,4.2
2.333333333333333,2.6,2.6
3.4761904761904763,3.4000000000000004,3.4000000000000004
1.7619047619047619,1.8,5.0
4.809523809523809,4.2,1.8
1.0,1.8,4.2
2.333333333333333,1.8,5.0
1.1904761904761905,5.0,2.6
1.0,1.8,4.2
3.2857142857142856,2.6,2.6
2.333333333333333,1.8,4.2
4.809523809523809,3.4000000000000004,1.8
1.1904761904761905,2.6,4.2
1.9523809523809523,1.0,3.4000000000000004
3.6666666666666665,3.4000000000000004,3.4000000000000004
4.619047619047619,3.4000000000000004,1.8
1.9523809523809523,1.8,1.8
4.619047619047619,5.0,1.8
3.095238095238095,3.4000000000000004,2.6
2.7142857142857144,2.6,2.6
4.619047619047619,4.2,1.8
1.7619047619047619,5.0,1.8
3.095238095238095,2.6,3.4000000000000004
2.333333333333333,2.6,5.0
1.9523809523809523,2.6,4.2
4.809523809523809,4.2,1.8
5.0,4.2,1.8
3.4761904761904763,3.4000000000000004,3.4000000000000004
1.0,2.6,4.2
1.380952380952381,1.8,4.2
4.619047619047619,2.6,5.0
1.380952380952381,1.0,5.0
3.2857142857142856,3.4000000000000004,2.6
1.380952380952381,2.6,5.0
2.7142857142857144,3.4000000000000004,3.4000000000000004
2.7142857142857144,2.6,2.6
3.4761904761904763,2.6,2.6
1.1904761904761905,2.6,5.0
1.1904761904761905,1.8,4.2
3.095238095238095,3.4000000000000004,3.4000000000000004
4.809523809523809,5.0,1.8
3.095238095238095,3.4000000000000004,3.4000000000000004
2.7142857142857144,2.6,3.4000000000000004
3.6666666666666665,3.4000000000000004,3.4000000000000004
3.4761904761904763,3.4000000000000004,3.4000000000000004
1.7619047619047619,1.8,5.0
3.095238095238095,2.6,3.4000000000000004
3.2857142857142856,2.6,2.6
1.380952380952381,2.6,5.0
3.4761904761904763,3.4000000000000004,3.4000000000000004
2.9047619047619047,2.6,2.6
2.9047619047619047,2.6,3.4000000000000004
1.0,1.8,5.0
2.9047619047619047,3.4000000000000004,2.6
1.5714285714285714,2.6,4.2
4.619047619047619,3.4000000000000004,1.8
1.7619047619047619,1.0,4.2
3.8571428571428568,4.2,1.8
3.095238095238095,4.2,5.0
4.809523809523809,3.4000000000000004,1.8
2.9047619047619047,2.6,2.6
2.142857142857143,5.0,2.6
1.0,1.8,4.2
2.9047619047619047,3.4000000000000004,2.6
1.9523809523809523,1.8,4.2
5.0,3.4000000000000004,1.8
4.238095238095238,5.0,1.8
1.9523809523809523,2.6,5.0
4.428571428571429,4.2,1.8
2.7142857142857144,2.6,3.4000000000000004
1.380952380952381,2.6,4.2
1.5714285714285714,2.6,4.2
2.142857142857143,4.2,3.4000000000000004
2.7142857142857144,4.2,1.0
2.333333333333333,2.6,5.0
2.142857142857143,1.8,5.0
2.5238095238095237,1.8,4.2
2.5238095238095237,1.8,5.0
1.1904761904761905,1.8,4.2
3.4761904761904763,2.6,3.4000000000000004
5.0,3.4000000000000004,1.8
1.380952380952381,1.8,4.2
2.7142857142857144,2.6,3.4000000000000004
3.095238095238095,2.6,2.6
2.9047619047619047,2.6,2.6
5.0,3.4000000000000004,1.8
4.238095238095238,3.4000000000000004,1.8
1.0,2.6,5.0
2.142857142857143,2.6,4.2
2.9047619047619047,3.4000000000000004,2.6
2.9047619047619047,2.6,2.6
2.333333333333333,2.6,5.0
3.2857142857142856,5.0,2.6
1.1904761904761905,4.2,4.2
2.9047619047619047,3.4000000000000004,3.4000000000000004
2.5238095238095237,2.6,5.0
2.333333333333333,2.6,4.2
3.6666666666666665,2.6,3.4000000000000004
3.6666666666666665,3.4000000000000004,2.6
1.380952380952381,5.0,5.0
2.7142857142857144,3.4000000000000004,3.4000000000000004
5.0,5.0,1.8
1.1904761904761905,3.4000000000000004,2.6
3.095238095238095,3.4000000000000004,3.4000000000000004
3.8571428571428568,4.2,1.8
2.333333333333333,1.8,5.0
3.6666666666666665,3.4000000000000004,2.6
2.333333333333333,2.6,5.0
3.095238095238095,2.6,2.6
1.7619047619047619,2.6,4.2
4.0476190476190474,3.4000000000000004,1.8
5.0,5.0,1.8
1.5714285714285714,1.8,5.0
4.0476190476190474,3.4000000000000004,1.8
1.0,3.4000000000000004,3.4000000000000004
3.2857142857142856,1.8,5.0
2.142857142857143,4.2,5.0
2.333333333333333,1.8,5.0
2.5238095238095237,1.8,5.0
1.0,2.6,4.2
3.4761904761904763,2.6,2.6
1.1904761904761905,2.6,4.2
4.428571428571429,3.4000000000000004,1.8
3.8571428571428568,4.2,1.8
4.619047619047619,5.0,1.8
1.380952380952381,1.8,5.0
2.333333333333333,1.8,4.2
2.9047619047619047,2.6,2.6
2.5238095238095237,1.8,5.0
2.333333333333333,2.6,5.0
4.428571428571429,4.2,1.8
1.1904761904761905,1.8,5.0
5.0,3.4000000000000004,1.8
4.809523809523809,4.2,1.8
2.333333333333333,2.6,5.0
3.8571428571428568,5.0,1.8
2.7142857142857144,2.6,2.6
4.619047619047619,5.0,1.8
4.238095238095238,5.0,1.8
1.1904761904761905,1.8,3.4000000000000004
4.619047619047619,5.0,1.8
5.0,4.2,1.8
3.2857142857142856,2.6,2.6
3.4761904761904763,3.4000000000000004,2.6
4.0476190476190474,5.0,1.8
4.809523809523809,3.4000000000000004,1.8
4.238095238095238,4.2,1.8
1.1904761904761905,2.6,5.0
3.2857142857142856,3.4000000000000004,3.4000000000000004
3.4761904761904763,3.4000000000000004,3.4000000000000004
3.8571428571428568,3.4000000000000004,1.8
4.619047619047619,5.0,1.8
4.428571428571429,5.0,1.8
1.5714285714285714,2.6,5.0
1.7619047619047619,1.8,5.0
1.5714285714285714,2.6,5.0
4.428571428571429,4.2,1.8
2.7142857142857144,3.4000000000000004,3.4000000000000004
3.6666666666666665,3.4000000000000004,3.4000000000000004
1.0,2.6,4.2
4.428571428571429,4.2,1.8
3.8571428571428568,5.0,1.8
5.0,5.0,1.8
2.9047619047619047,3.4000000000000004,3.4000000000000004
3.6666666666666665,2.6,3.4000000000000004
2.142857142857143,1.8,5.0
3.2857142857142856,1.0,2.6
5.0,4.2,1.8
1.5714285714285714,1.8,5.0
1.5714285714285714,4.2,2.6
3.2857142857142856,2.6,3.4000000000000004
5.0,4.2,1.8
2.9047619047619047,2.6,2.6
2.142857142857143,1.8,4.2
4.0476190476190474,1.8,4.2
2.142857142857143,2.6,1.0
4.428571428571429,1.0,1.0
1.380952380952381,2.6,5.0
5.0,3.4000000000000004,1.8
4.619047619047619,3.4000000000000004,1.8
3.2857142857142856,3.4000000000000004,2.6
4.238095238095238,4.2,1.8
1.5714285714285714,2.6,4.2
2.9047619047619047,3.4000000000000004,2.6
1.9523809523809523,2.6,4.2
3.095238095238095,3.4000000000000004,3.4000000000000004
4.809523809523809,4.2,1.8
3.4761904761904763,2.6,2.6
3.4761904761904763,2.6,2.6
2.7142857142857144,3.4000000000000004,3.4000000000000004
1.380952380952381,1.8,4.2
5.0,5.0,1.8
1.0,5.0,3.4000000000000004
4.809523809523809,3.4000000000000004,1.8
2.5238095238095237,1.8,4.2
3.6666666666666665,2.6,3.4000000000000004
1.1904761904761905,2.6,5.0
4.428571428571429,5.0,1.8
1.0,1.8,4.2
3.6666666666666665,1.0,1.0
1.5714285714285714,2.6,4.2
4.0476190476190474,4.2,1.8
3.8571428571428568,5.0,1.8
1.380952380952381,1.8,2.6
4.619047619047619,3.4000000000000004,1.8
1.380952380952381,2.6,4.2
3.6666666666666665,2.6,3.4000000000000004
1.380952380952381,1.8,4.2
2.333333333333333,5.0,1.8
5.0,5.0,1.8
3.4761904761904763,3.4000000000000004,3.4000000000000004
2.5238095238095237,2.6,5.0
2.9047619047619047,2.6,2.6
3.8571428571428568,4.2,1.8
4.619047619047619,5.0,1.8
4.619047619047619,5.0,5.0
4.238095238095238,3.4000000000000004,1.8
2.7142857142857144,2.6,2.6
4.428571428571429,2.6,1.8
3.4761904761904763,2.6,2.6
2.5238095238095237,2.6,5.0
4.619047619047619,3.4000000000000004,1.8
2.9047619047619047,2.6,2.6
4.619047619047619,4.2,1.8
4.619047619047619,5.0,2.6
3.4761904761904763,1.8,1.0
1.7619047619047619,2.6,4.2
3.095238095238095,3.4000000000000004,2.6
4.809523809523809,4.2,1.8
5.0,4.2,1.8
4.0476190476190474,5.0,1.8
1.5714285714285714,1.8,4.2
4.428571428571429,5.0,1.8
4.428571428571429,2.6,5.0
3.2857142857142856,3.4000000000000004,3.4000000000000004
2.9047619047619047,1.0,1.0
2.7142857142857144,3.4000000000000004,3.4000000000000004
1.9523809523809523,2.6,5.0
3.095238095238095,2.6,2.6
2.5238095238095237,2.6,2.6
4.238095238095238,4.2,4.2
2.5238095238095237,2.6,5.0
3.4761904761904763,2.6,2.6
4.0476190476190474,4.2,1.8
3.4761904761904763,2.6,3.4000000000000004
5.0,4.2,1.0
3.2857142857142856,3.4000000000000004,2.6
3.6666666666666665,3.4000000000000004,2.6
3.6666666666666665,3.4000000000000004,2.6
2.142857142857143,1.0,1.8
4.428571428571429,4.2,2.6
3.6666666666666665,2.6,2.6
3.2857142857142856,3.4000000000000004,4.2
1.9523809523809523,1.8,5.0
1.5714285714285714,2.6,5.0
3.4761904761904763,3.4000000000000004,2.6
3.8571428571428568,3.4000000000000004,1.0
2.142857142857143,1.8,5.0
4.428571428571429,5.0,1.8
3.095238095238095,2.6,2.6
5.0,4.2,1.8
3.2857142857142856,2.6,3.4000000000000004
2.5238095238095237,2.6,4.2
2.9047619047619047,3.4000000000000004,3.4000000000000004
2.7142857142857144,2.6,3.4000000000000004
4.809523809523809,4.2,1.8
3.095238095238095,2.6,2.6
1.1904761904761905,2.6,5.0
3.8571428571428568,5.0,1.8
4.238095238095238,4.2,1.8
2.5238095238095237,2.6,4.2
4.809523809523809,5.0,1.8
2.5238095238095237,1.0,5.0
1.9523809523809523,2.6,4.2
3.6666666666666665,3.4000000000000004,2.6
2.9047619047619047,3.4000000000000004,2.6
4.428571428571429,5.0,1.8
5.0,3.4000000000000004,4.2
1.7619047619047619,2.6,5.0
3.2857142857142856,4.2,5.0
3.6666666666666665,3.4000000000000004,2.6
2.333333333333333,5.0,5.0
4.619047619047619,3.4000000000000004,5.0
4.428571428571429,5.0,5.0
2.9047619047619047,3.4000000000000004,3.4000000000000004
3.095238095238095,3.4000000000000004,4.2
3.8571428571428568,5.0,1.8
1.9523809523809523,2.6,4.2
3.6666666666666665,3.4000000000000004,2.6
1.380952380952381,1.0,1.0
1.5714285714285714,1.8,1.8
3.6666666666666665,3.4000000000000004,2.6
1.1904761904761905,2.6,4.2
3.2857142857142856,3.4000000000000004,2.6
2.9047619047619047,2.6,2.6
3.6666666666666665,3.4000000000000004,2.6
3.2857142857142856,2.6,3.4000000000000004
2.333333333333333,1.8,5.0
1.5714285714285714,1.8,5.0
3.2857142857142856,3.4000000000000004,3.4000000000000004
3.4761904761904763,3.4000000000000004,3.4000000000000004
1.0,1.8,5.0
2.7142857142857144,2.6,2.6
1.5714285714285714,1.8,4.2
2.7142857142857144,2.6,2.6
3.6666666666666665,3.4000000000000004,2.6
2.5238095238095237,2.6,5.0
1.0,2.6,5.0
3.8571428571428568,2.6,4.2
4.0476190476190474,4.2,1.8
1.5714285714285714,1.8,4.2
2.5238095238095237,1.0,4.2
3.6666666666666665,3.4000000000000004,2.6
4.0476190476190474,3.4000000000000004,1.8
4.428571428571429,3.4000000000000004,1.8
3.8571428571428568,5.0,1.8
5.0,3.4000000000000004,1.8
3.4761904761904763,3.4000000000000004,3.4000000000000004
4.0476190476190474,2.6,1.8
4.238095238095238,3.4000000000000004,1.8
3.6666666666666665,2.6,3.4000000000000004
3.8571428571428568,4.2,3.4000000000000004
4.809523809523809,1.0,1.8
2.5238095238095237,1.8,5.0
1.1904761904761905,1.8,4.2
2.142857142857143,1.8,5.0
5.0,5.0,1.8
1.1904761904761905,2.6,4.2
3.8571428571428568,3.4000000000000004,1.8
2.5238095238095237,1.8,5.0
2.9047619047619047,2.6,3.4000000000000004
1.7619047619047619,1.8,4.2
4.428571428571429,4.2,1.8
4.428571428571429,5.0,1.8
2.142857142857143,2.6,5.0
1.1904761904761905,1.8,4.2
1.5714285714285714,2.6,5.0
3.6666666666666665,3.4000000000000004,2.6
2.7142857142857144,3.4000000000000004,2.6
4.428571428571429,3.4000000000000004,1.8
2.5238095238095237,2.6,5.0
1.5714285714285714,1.0,4.2
3.4761904761904763,3.4000000000000004,2.6
2.333333333333333,5.0,5.0
3.2857142857142856,3.4000000000000004,2.6
3.6666666666666665,3.4000000000000004,3.4000000000000004
4.238095238095238,4.2,1.8
1.0,1.8,4.2
4.428571428571429,3.4000000000000004,1.8
3.2857142857142856,2.6,3.4000000000000004
3.4761904761904763,2.6,2.6
3.095238095238095,3.4000000000000004,2.6
3.8571428571428568,4.2,1.8
2.7142857142857144,3.4000000000000004,2.6
1.380952380952381,1.8,4.2
4.619047619047619,3.4000000000000004,1.8
4.619047619047619,3.4000000000000004,1.8
4.238095238095238,4.2,1.8
2.9047619047619047,3.4000000000000004,2.6
2.142857142857143,2.6,5.0
1.7619047619047619,2.6,4.2
4.809523809523809,3.4000000000000004,1.8
2.7142857142857144,3.4000000000000004,2.6
5.0,4.2,1.8
3.095238095238095,3.4000000000000004,3.4000000000000004
1.380952380952381,1.8,4.2
2.9047619047619047,3.4000000000000004,2.6
3.8571428571428568,4.2,1.8
4.238095238095238,5.0,1.8
4.619047619047619,5.0,1.8
3.2857142857142856,1.8,3.4000000000000004
4.238095238095238,3.4000000000000004,1.8
4.809523809523809,4.2,1.8
4.809523809523809,4.2,1.8
2.9047619047619047,2.6,3.4000000000000004
4.428571428571429,5.0,1.8
4.619047619047619,3.4000000000000004,1.8
4.428571428571429,5.0,1.8
1.1904761904761905,1.8,5.0
2.9047619047619047,3.4000000000000004,2.6
5.0,3.4000000000000004,1.8
3.8571428571428568,3.4000000000000004,1.8
1.5714285714285714,1.8,4.2
2.142857142857143,2.6,5.0
5.0,3.4000000000000004,1.8
4.428571428571429,3.4000000000000004,1.8
2.142857142857143,1.8,5.0
4.238095238095238,3.4000000000000004,1.8
1.7619047619047619,2.6,5.0
2.7142857142857144,2.6,3.4000000000000004
4.0476190476190474,3.4000000000000004,1.8
2.9047619047619047,3.4000000000000004,3.4000000000000004
1.7619047619047619,2.6,5.0
3.095238095238095,2.6,2.6
3.4761904761904763,3.4000000000000004,2.6
4.238095238095238,3.4000000000000004,1.8
2.333333333333333,1.8,5.0
5.0,3.4000000000000004,1.8
1.1904761904761905,2.6,5.0
4.809523809523809,3.4000000000000004,1.8
2.142857142857143,1.8,4.2
2.9047619047619047,2.6,3.4000000000000004
4.238095238095238,5.0,1.8
4.428571428571429,5.0,1.8
2.333333333333333,2.6,5.0
2.9047619047619047,2.6,2.6
4.238095238095238,5.0,1.8
4.619047619047619,3.4000000000000004,1.8
2.7142857142857144,5.0,4.2
4.619047619047619,4.2,1.8
5.0,4.2,1.8
2.5238095238095237,1.8,4.2
5.0,5.0,1.8
1.380952380952381,1.0,5.0
2.7142857142857144,3.4000000000000004,2.6
2.7142857142857144,2.6,2.6
1.5714285714285714,4.2,2.6
4.238095238095238,3.4000000000000004,1.8
1.0,2.6,5.0
2.7142857142857144,2.6,3.4000000000000004
3.8571428571428568,3.4000000000000004,1.8
2.142857142857143,2.6,5.0
1.9523809523809523,2.6,5.0
1.0,1.8,4.2
3.4761904761904763,2.6,2.6
2.7142857142857144,2.6,2.6
1.9523809523809523,3.4000000000000004,1.8
4.619047619047619,5.0,5.0
2.142857142857143,1.8,4.2
3.6666666666666665,5.0,4.2
2.9047619047619047,2.6,2.6
1.380952380952381,2.6,4.2
3.2857142857142856,2.6,3.4000000000000004
4.619047619047619,3.4000000000000004,1.8
3.6666666666666665,3.4000000000000004,3.4000000000000004
1.1904761904761905,4.2,1.0
1.0,1.8,5.0
5.0,1.8,5.0
5.0,3.4000000000000004,1.0
2.9047619047619047,2.6,3.4000000000000004
1.5714285714285714,2.6,4.2
2.5238095238095237,1.8,5.0
1.9523809523809523,1.8,5.0
4.619047619047619,5.0,1.8
1.9523809523809523,1.8,4.2
5.0,2.6,3.4000000000000004
4.238095238095238,4.2,1.8
2.7142857142857144,1.8,3.4000000000000004
1.9523809523809523,1.8,4.2
5.0,4.2,1.8
4.619047619047619,1.8,5.0
3.2857142857142856,3.4000000000000004,3.4000000000000004
4.238095238095238,4.2,1.8
4.0476190476190474,4.2,1.8
2.142857142857143,1.8,4.2
3.6666666666666665,2.6,2.6
4.428571428571429,4.2,1.8
1.1904761904761905,1.8,5.0
4.619047619047619,4.2,1.8
1.5714285714285714,1.8,3.4000000000000004
2.333333333333333,1.8,4.2
1.9523809523809523,1.0,5.0
2.9047619047619047,2.6,2.6
4.809523809523809,4.2,1.8
1.9523809523809523,5.0,5.0
5.0,5.0,1.8
2.142857142857143,2.6,2.6
2.9047619047619047,3.4000000000000004,3.4000000000000004
3.8571428571428568,4.2,1.8
3.2857142857142856,3.4000000000000004,3.4000000000000004
2.9047619047619047,2.6,3.4000000000000004
3.095238095238095,1.8,3.4000000000000004
4.809523809523809,2.6,1.8
1.1904761904761905,1.8,4.2
2.333333333333333,2.6,4.2
1.5714285714285714,1.8,4.2
3.6666666666666665,1.0,1.0
3.2857142857142856,2.6,4.2
4.809523809523809,4.2,1.8
2.5238095238095237,4.2,1.8
1.380952380952381,1.8,5.0
3.2857142857142856,2.6,3.4000000000000004
2.9047619047619047,3.4000000000000004,2.6
4.0476190476190474,5.0,1.8
3.8571428571428568,3.4000000000000004,1.8
2.142857142857143,2.6,5.0
1.1904761904761905,1.8,4.2
1.1904761904761905,1.8,5.0
4.0476190476190474,4.2,1.8
3.095238095238095,3.4000000000000004,1.0
5.0,3.4000000000000004,1.8
3.6666666666666665,2.6,2.6
1.380952380952381,2.6,5.0
3.4761904761904763,2.6,2.6
4.619047619047619,4.2,1.8
4.0476190476190474,3.4000000000000004,1.8
3.8571428571428568,5.0,1.8
3.6666666666666665,1.8,1.0
2.9047619047619047,3.4000000000000004,2.6
3.4761904761904763,3.4000000000000004,3.4000000000000004
3.8571428571428568,5.0,1.8
1.7619047619047619,2.6,5.0
1.0,1.8,4.2
1.5714285714285714,3.4000000000000004,4.2
1.380952380952381,4.2,1.8
3.8571428571428568,3.4000000000000004,1.8
2.9047619047619047,2.6,2.6
5.0,4.2,1.8
2.142857142857143,4.2,1.8
4.619047619047619,5.0,1.8
2.7142857142857144,4.2,1.0
1.7619047619047619,1.8,5.0
4.809523809523809,4.2,1.8
4.619047619047619,1.0,3.4000000000000004
2.142857142857143,3.4000000000000004,1.8
4.619047619047619,4.2,1.8
3.4761904761904763,2.6,3.4000000000000004
1.1904761904761905,1.8,5.0
2.333333333333333,1.8,5.0
3.095238095238095,2.6,3.4000000000000004
2.7142857142857144,1.8,1.0
1.7619047619047619,1.8,5.0
5.0,5.0,1.8
4.428571428571429,4.2,1.0
3.6666666666666665,3.6666666666666665,1.0
3.8571428571428568,2.0666666666666664,5.0
3.2857142857142856,3.4,5.0
4.0476190476190474,2.6,5.0
4.0476190476190474,4.733333333333333,1.0
4.809523809523809,2.7333333333333334,5.0
1.7619047619047619,4.466666666666667,1.0
4.238095238095238,1.4,5.0
3.4761904761904763,3.933333333333333,5.0
2.142857142857143,2.0666666666666664,1.0
4.238095238095238,2.6,5.0
4.238095238095238,3.0,5.0
1.9523809523809523,4.733333333333333,1.0
2.7142857142857144,4.066666666666666,5.0
1.380952380952381,4.733333333333333,1.0
3.095238095238095,3.8,1.0
2.142857142857143,4.733333333333333,1.0
2.333333333333333,4.333333333333334,1.0
3.095238095238095,4.066666666666666,1.0
5.0,1.1333333333333333,5.0
1.5714285714285714,4.6,1.0
4.428571428571429,1.1333333333333333,5.0
2.333333333333333,4.6,1.0
4.809523809523809,1.6666666666666665,5.0
3.4761904761904763,3.8,5.0
2.142857142857143,4.466666666666667,1.0
4.428571428571429,1.8,5.0
2.333333333333333,4.733333333333333,1.0
3.4761904761904763,4.066666666666666,5.0
4.238095238095238,1.8,5.0
1.0,4.6,1.0
3.8571428571428568,2.0666666666666664,1.0
3.8571428571428568,2.2,5.0
2.7142857142857144,4.066666666666666,1.0
2.333333333333333,4.333333333333334,1.0
2.7142857142857144,3.933333333333333,1.0
3.2857142857142856,3.8,1.0
2.333333333333333,4.6,1.0
5.0,1.8,5.0
1.9523809523809523,4.333333333333334,1.0
1.9523809523809523,4.866666666666667,1.0
2.5238095238095237,5.0,1.0
1.1904761904761905,4.6,1.0
4.619047619047619,2.2,5.0
3.8571428571428568,1.5333333333333332,5.0
1.5714285714285714,5.0,1.0
4.619047619047619,1.1333333333333333,5.0
2.333333333333333,4.6,1.0
3.2857142857142856,3.533333333333333,5.0
1.380952380952381,4.466666666666667,1.0
2.5238095238095237,4.6,1.0
2.9047619047619047,3.1333333333333333,1.0
2.142857142857143,4.866666666666667,1.0
4.619047619047619,1.2666666666666666,5.0
3.4761904761904763,4.066666666666666,1.0
3.4761904761904763,4.066666666666666,1.0
3.2857142857142856,3.4,5.0
2.5238095238095237,4.733333333333333,1.0
1.7619047619047619,4.866666666666667,1.0
1.7619047619047619,4.6,1.0
1.7619047619047619,4.733333333333333,1.0
2.5238095238095237,4.866666666666667,5.0
1.5714285714285714,4.6,1.0
3.2857142857142856,4.066666666666666,5.0
5.0,1.0,5.0
1.9523809523809523,4.333333333333334,1.0
4.428571428571429,2.8666666666666667,5.0
3.095238095238095,3.8,1.0
3.095238095238095,4.066666666666666,5.0
1.1904761904761905,4.466666666666667,1.0
1.9523809523809523,5.0,1.0
5.0,3.0,5.0
1.380952380952381,4.466666666666667,1.0
1.0,5.0,1.0
5.0,1.9333333333333333,5.0
4.238095238095238,1.6666666666666665,5.0
4.809523809523809,1.6666666666666665,5.0
1.1904761904761905,4.866666666666667,1.0
3.4761904761904763,3.2666666666666666,5.0
4.428571428571429,2.7333333333333334,5.0
1.7619047619047619,4.466666666666667,1.0
2.7142857142857144,3.8,5.0
4.238095238095238,3.0,5.0
1.0,4.466666666666667,1.0
3.4761904761904763,3.0,1.0
2.9047619047619047,4.2,5.0
2.7142857142857144,3.933333333333333,5.0
4.238095238095238,1.4,5.0
3.095238095238095,3.4,1.0
4.238095238095238,2.6,5.0
2.7142857142857144,3.533333333333333,5.0
4.0476190476190474,2.466666666666667,5.0
4.809523809523809,1.1333333333333333,5.0
2.7142857142857144,4.066666666666666,5.0
2.5238095238095237,1.0,5.0
4.619047619047619,1.9333333333333333,5.0
3.8571428571428568,2.8666666666666667,5.0
4.238095238095238,1.9333333333333333,5.0
2.142857142857143,4.6,1.0
2.7142857142857144,4.066666666666666,5.0
3.4761904761904763,1.4,1.0
4.809523809523809,1.4,1.0
3.095238095238095,3.2666666666666666,1.0
3.2857142857142856,3.0,5.0
1.5714285714285714,4.866666666666667,1.0
2.5238095238095237,4.466666666666667,1.0
4.619047619047619,2.466666666666667,5.0
1.5714285714285714,4.733333333333333,1.0
4.0476190476190474,2.2,5.0
3.8571428571428568,1.8,5.0
1.1904761904761905,4.866666666666667,1.0
4.238095238095238,1.5333333333333332,5.0
1.9523809523809523,4.6,1.0
2.7142857142857144,4.2,1.0
1.5714285714285714,1.2666666666666666,1.0
4.238095238095238,2.6,5.0
3.4761904761904763,3.8,5.0
4.619047619047619,1.9333333333333333,5.0
4.428571428571429,2.0666666666666664,5.0
2.7142857142857144,4.066666666666666,1.0
2.142857142857143,4.733333333333333,1.0
4.428571428571429,1.0,5.0
2.333333333333333,4.866666666666667,1.0
2.7142857142857144,3.6666666666666665,5.0
3.4761904761904763,3.6666666666666665,5.0
4.619047619047619,3.1333333333333333,1.0
3.4761904761904763,3.0,5.0
2.142857142857143,4.466666666666667,1.0
3.6666666666666665,1.4,1.0
3.6666666666666665,3.533333333333333,1.0
1.9523809523809523,4.6,1.0
3.2857142857142856,3.1333333333333333,1.0
4.809523809523809,2.7333333333333334,1.0
3.6666666666666665,3.1333333333333333,5.0
3.095238095238095,3.8,1.0
2.333333333333333,4.2,5.0
2.142857142857143,4.333333333333334,1.0
4.619047619047619,2.7333333333333334,5.0
2.5238095238095237,4.733333333333333,1.0
2.9047619047619047,4.333333333333334,5.0
1.1904761904761905,1.6666666666666665,1.0
3.4761904761904763,4.6,5.0
3.095238095238095,3.2666666666666666,1.0
1.380952380952381,4.866666666666667,1.0
2.142857142857143,1.4,5.0
1.380952380952381,4.6,1.0
2.7142857142857144,3.2666666666666666,5.0
4.428571428571429,1.4,5.0
2.7142857142857144,3.8,5.0
4.428571428571429,2.8666666666666667,5.0
2.5238095238095237,4.866666666666667,1.0
2.7142857142857144,3.533333333333333,5.0
3.6666666666666665,3.933333333333333,5.0
4.0476190476190474,3.0,5.0
4.428571428571429,1.1333333333333333,5.0
2.9047619047619047,4.333333333333334,5.0
2.142857142857143,5.0,1.0
3.2857142857142856,3.0,1.0
1.380952380952381,5.0,1.0
1.1904761904761905,5.0,1.0
3.4761904761904763,3.933333333333333,5.0
3.8571428571428568,3.0,1.0
3.8571428571428568,2.6,5.0
3.095238095238095,3.0,1.0
1.9523809523809523,5.0,1.0
3.8571428571428568,1.5333333333333332,5.0
2.9047619047619047,3.0,5.0
1.380952380952381,5.0,1.0
3.095238095238095,3.6666666666666665,5.0
2.7142857142857144,3.0,5.0
1.7619047619047619,4.333333333333334,1.0
4.238095238095238,2.2,1.0
3.4761904761904763,3.0,5.0
2.142857142857143,4.866666666666667,1.0
1.9523809523809523,4.466666666666667,1.0
3.8571428571428568,1.0,5.0
4.238095238095238,3.0,5.0
5.0,1.6666666666666665,5.0
1.7619047619047619,4.333333333333334,1.0
2.333333333333333,4.333333333333334,5.0
1.7619047619047619,4.866666666666667,1.0
4.809523809523809,1.8,5.0
2.7142857142857144,3.933333333333333,1.0
2.142857142857143,4.733333333333333,1.0
3.095238095238095,1.5333333333333332,5.0
4.809523809523809,2.7333333333333334,5.0
2.9047619047619047,3.6666666666666665,1.0
1.5714285714285714,4.866666666666667,1.0
3.095238095238095,3.1333333333333333,1.0
4.428571428571429,1.9333333333333333,5.0
2.142857142857143,2.466666666666667,1.0
2.9047619047619047,3.8,5.0
3.6666666666666665,4.066666666666666,5.0
3.095238095238095,3.6666666666666665,5.0
2.142857142857143,3.2666666666666666,1.0
4.0476190476190474,1.5333333333333332,5.0
4.238095238095238,2.6,5.0
2.142857142857143,4.733333333333333,1.0
3.4761904761904763,3.8,5.0
1.380952380952381,4.066666666666666,1.0
5.0,2.7333333333333334,5.0
4.0476190476190474,2.2,5.0
4.0476190476190474,2.2,5.0
2.9047619047619047,4.2,5.0
5.0,1.9333333333333333,5.0
4.809523809523809,1.6666666666666665,5.0
3.8571428571428568,1.9333333333333333,5.0
4.619047619047619,2.333333333333333,5.0
4.238095238095238,2.7333333333333334,5.0
2.333333333333333,2.7333333333333334,5.0
3.2857142857142856,3.0,1.0
4.0476190476190474,2.466666666666667,5.0
1.1904761904761905,4.466666666666667,1.0
3.4761904761904763,4.2,5.0
2.5238095238095237,4.866666666666667,1.0
4.619047619047619,1.8,5.0
3.095238095238095,3.533333333333333,1.0
2.7142857142857144,4.2,5.0
1.9523809523809523,4.466666666666667,1.0
3.4761904761904763,1.8,1.0
4.619047619047619,4.2,5.0
2.9047619047619047,4.066666666666666,5.0
3.095238095238095,4.2,1.0
4.619047619047619,1.4,5.0
1.1904761904761905,5.0,1.0
3.4761904761904763,4.2,1.0
1.7619047619047619,2.0666666666666664,1.0
3.2857142857142856,3.533333333333333,1.0
2.7142857142857144,3.2666666666666666,1.0
2.7142857142857144,3.933333333333333,5.0
1.5714285714285714,4.466666666666667,1.0
1.7619047619047619,5.0,1.0
1.5714285714285714,5.0,1.0
3.4761904761904763,3.6666666666666665,5.0
3.8571428571428568,2.2,5.0
4.0476190476190474,2.7333333333333334,5.0
5.0,1.2666666666666666,5.0
3.4761904761904763,4.333333333333334,5.0
3.095238095238095,3.8,1.0
2.142857142857143,4.466666666666667,1.0
2.7142857142857144,3.933333333333333,1.0
3.2857142857142856,3.933333333333333,1.0
3.2857142857142856,3.1333333333333333,1.0
3.6666666666666665,3.8,5.0
2.142857142857143,4.466666666666667,1.0
2.333333333333333,4.6,1.0
2.142857142857143,5.0,1.0
5.0,1.9333333333333333,5.0
4.0476190476190474,2.333333333333333,5.0
2.333333333333333,4.6,1.0
4.0476190476190474,1.8,5.0
3.4761904761904763,3.4,5.0
1.9523809523809523,4.333333333333334,5.0
3.4761904761904763,3.6666666666666665,5.0
1.9523809523809523,5.0,1.0
3.095238095238095,3.6666666666666665,5.0
2.333333333333333,4.733333333333333,1.0
1.1904761904761905,5.0,1.0
3.095238095238095,3.6666666666666665,1.0
1.9523809523809523,3.6666666666666665,1.0
2.5238095238095237,4.466666666666667,1.0
3.2857142857142856,3.533333333333333,5.0
2.5238095238095237,5.0,1.0
3.6666666666666665,4.2,5.0
2.7142857142857144,3.2666666666666666,5.0
3.2857142857142856,3.4,5.0
2.9047619047619047,4.333333333333334,5.0
4.0476190476190474,2.466666666666667,5.0
1.1904761904761905,4.866666666666667,1.0
2.5238095238095237,4.733333333333333,1.0
2.7142857142857144,4.333333333333334,1.0
2.333333333333333,5.0,1.0
4.619047619047619,1.2666666666666666,5.0
5.0,1.5333333333333332,5.0
2.333333333333333,4.866666666666667,1.0
2.333333333333333,3.8,1.0
4.0476190476190474,3.0,5.0
3.8571428571428568,2.0666666666666664,5.0
3.6666666666666665,2.466666666666667,5.0
3.4761904761904763,3.1333333333333333,5.0
4.619047619047619,2.7333333333333334,5.0
1.9523809523809523,4.6,1.0
4.428571428571429,1.9333333333333333,5.0
4.809523809523809,2.2,5.0
3.4761904761904763,1.1333333333333333,5.0
1.1904761904761905,4.6,1.0
1.1904761904761905,2.0666666666666664,5.0
2.333333333333333,5.0,1.0
3.8571428571428568,2.0666666666666664,5.0
4.0476190476190474,2.2,5.0
2.7142857142857144,5.0,5.0
1.1904761904761905,4.866666666666667,1.0
1.0,4.466666666666667,1.0
5.0,3.4,1.0
4.0476190476190474,1.6666666666666665,5.0
3.2857142857142856,3.933333333333333,5.0
1.7619047619047619,2.2,5.0
3.095238095238095,4.2,5.0
2.7142857142857144,3.2666666666666666,1.0
2.9047619047619047,3.8,5.0
1.380952380952381,4.733333333333333,1.0
3.4761904761904763,4.066666666666666,1.0
1.380952380952381,4.066666666666666,5.0
4.428571428571429,1.9333333333333333,5.0
1.7619047619047619,4.466666666666667,1.0
1.1904761904761905,3.8,1.0
1.380952380952381,4.733333333333333,1.0
2.9047619047619047,4.066666666666666,5.0
4.809523809523809,1.0,5.0
2.9047619047619047,3.8,1.0
2.333333333333333,5.0,1.0
2.9047619047619047,3.2666666666666666,1.0
3.2857142857142856,3.1333333333333333,1.0
3.6666666666666665,3.933333333333333,1.0
1.0,4.733333333333333,1.0
2.333333333333333,4.466666666666667,1.0
4.428571428571429,1.9333333333333333,5.0
2.5238095238095237,4.733333333333333,1.0
1.5714285714285714,4.466666666666667,1.0
3.6666666666666665,3.4,5.0
1.380952380952381,1.2666666666666666,5.0
2.142857142857143,4.733333333333333,1.0
4.619047619047619,2.466666666666667,5.0
4.809523809523809,1.8,5.0
1.1904761904761905,3.1333333333333333,5.0
2.9047619047619047,3.6666666666666665,5.0
1.5714285714285714,5.0,1.0
1.5714285714285714,4.733333333333333,1.0
5.0,3.0,5.0
3.2857142857142856,3.533333333333333,5.0
3.095238095238095,3.1333333333333333,1.0
1.5714285714285714,4.866666666666667,1.0
1.380952380952381,4.333333333333334,1.0
1.380952380952381,4.733333333333333,1.0
3.2857142857142856,3.2666666666666666,1.0
1.380952380952381,4.466666666666667,1.0
3.2857142857142856,3.0,5.0
1.5714285714285714,1.0,5.0
2.5238095238095237,5.0,1.0
4.238095238095238,1.9333333333333333,1.0
5.0,1.4,5.0
2.9047619047619047,3.533333333333333,5.0
4.428571428571429,1.2666666666666666,5.0
5.0,1.5333333333333332,5.0
5.0,3.0,5.0
5.0,2.0666666666666664,5.0
3.8571428571428568,2.0666666666666664,5.0
5.0,1.0,5.0
3.8571428571428568,1.9333333333333333,5.0
4.428571428571429,3.0,5.0
3.6666666666666665,4.066666666666666,1.0
3.095238095238095,3.1333333333333333,5.0
3.095238095238095,3.0,1.0
4.619047619047619,1.1333333333333333,5.0
4.619047619047619,2.8666666666666667,5.0
4.619047619047619,2.8666666666666667,5.0
2.333333333333333,4.466666666666667,1.0
2.9047619047619047,3.2666666666666666,5.0
2.142857142857143,4.866666666666667,1.0
2.142857142857143,4.866666666666667,1.0
4.238095238095238,4.866666666666667,5.0
3.2857142857142856,3.533333333333333,1.0
2.7142857142857144,3.0,1.0
2.5238095238095237,4.733333333333333,1.0
3.4761904761904763,3.0,5.0
1.380952380952381,4.333333333333334,1.0
4.238095238095238,4.866666666666667,5.0
2.5238095238095237,4.866666666666667,1.0
1.9523809523809523,5.0,1.0
1.380952380952381,5.0,1.0
1.380952380952381,4.6,1.0
5.0,1.5333333333333332,5.0
1.380952380952381,2.2,5.0
3.4761904761904763,3.533333333333333,5.0
4.809523809523809,1.4,5.0
4.238095238095238,1.0,5.0
3.6666666666666665,3.6666666666666665,5.0
1.7619047619047619,4.733333333333333,1.0
4.238095238095238,2.7333333333333334,5.0
1.380952380952381,4.066666666666666,1.0
2.7142857142857144,3.6666666666666665,1.0
1.9523809523809523,4.333333333333334,1.0
4.428571428571429,1.1333333333333333,5.0
2.9047619047619047,3.4,5.0
5.0,4.6,1.0
4.619047619047619,1.9333333333333333,5.0
3.6666666666666665,3.8,5.0
2.9047619047619047,4.066666666666666,1.0
4.0476190476190474,2.466666666666667,5.0
1.0,4.333333333333334,1.0
3.6666666666666665,4.066666666666666,5.0
5.0,1.0,5.0
3.2857142857142856,3.1333333333333333,1.0
2.142857142857143,4.466666666666667,1.0
4.428571428571429,1.1333333333333333,5.0
1.9523809523809523,4.333333333333334,1.0
2.9047619047619047,2.466666666666667,1.0
1.0,4.466666666666667,1.0
4.619047619047619,2.0666666666666664,5.0
3.8571428571428568,2.0666666666666664,5.0
5.0,2.466666666666667,5.0
4.619047619047619,1.1333333333333333,5.0
2.333333333333333,5.0,1.0
4.0476190476190474,2.2,5.0
3.2857142857142856,1.9333333333333333,5.0
4.0476190476190474,1.9333333333333333,5.0
4.238095238095238,2.466666666666667,5.0
1.5714285714285714,4.333333333333334,1.0
3.2857142857142856,1.4,5.0
3.6666666666666665,3.4,1.0
3.4761904761904763,3.6666666666666665,1.0
1.380952380952381,2.466666666666667,5.0
3.4761904761904763,3.533333333333333,5.0
3.095238095238095,3.0,5.0
2.9047619047619047,4.333333333333334,5.0
4.809523809523809,2.466666666666667,5.0
1.5714285714285714,1.0,5.0
3.8571428571428568,1.0,5.0
1.0,5.0,1.0
1.7619047619047619,4.466666666666667,1.0
1.1904761904761905,4.733333333333333,1.0
1.1904761904761905,4.6,1.0
4.428571428571429,1.9333333333333333,1.0
4.0476190476190474,1.1333333333333333,5.0
3.095238095238095,3.8,1.0
2.333333333333333,4.466666666666667,1.0
4.428571428571429,2.8666666666666667,5.0
2.7142857142857144,3.6666666666666665,1.0
1.1904761904761905,4.733333333333333,1.0
4.0476190476190474,2.466666666666667,5.0
2.5238095238095237,1.5333333333333332,5.0
2.7142857142857144,3.933333333333333,1.0
2.5238095238095237,4.866666666666667,1.0
1.5714285714285714,4.6,1.0
1.5714285714285714,4.866666666666667,1.0
3.2857142857142856,3.1333333333333333,5.0
1.5714285714285714,4.733333333333333,1.0
5.0,1.4,1.0
1.7619047619047619,3.8,5.0
2.333333333333333,4.466666666666667,1.0
2.333333333333333,4.333333333333334,1.0
1.5714285714285714,1.5333333333333332,1.0
1.5714285714285714,4.733333333333333,1.0
3.8571428571428568,2.7333333333333334,5.0
3.095238095238095,3.0,1.0
5.0,2.466666666666667,5.0
4.0476190476190474,3.0,5.0
4.428571428571429,2.2,5.0
5.0,2.7333333333333334,5.0
4.809523809523809,4.733333333333333,1.0
3.8571428571428568,2.8666666666666667,5.0
2.333333333333333,5.0,1.0
4.428571428571429,1.5333333333333332,1.0
4.238095238095238,2.2,5.0
1.1904761904761905,3.533333333333333,1.0
3.2857142857142856,2.333333333333333,1.0
1.5714285714285714,4.866666666666667,1.0
1.9523809523809523,1.2666666666666666,5.0
3.6666666666666665,3.2666666666666666,5.0
3.4761904761904763,1.2666666666666666,1.0
4.428571428571429,1.0,5.0
3.8571428571428568,2.6,5.0
3.095238095238095,4.066666666666666,1.0
3.6666666666666665,3.4,1.0
3.8571428571428568,2.7333333333333334,5.0
1.5714285714285714,4.466666666666667,1.0
4.428571428571429,1.8,5.0
4.619047619047619,2.2,5.0
4.238095238095238,4.066666666666666,5.0
4.428571428571429,1.9333333333333333,5.0
4.0476190476190474,2.466666666666667,5.0
3.2857142857142856,4.066666666666666,1.0
2.5238095238095237,4.866666666666667,1.0
1.5714285714285714,4.333333333333334,1.0
2.142857142857143,3.533333333333333,1.0
1.380952380952381,3.4,5.0
4.809523809523809,2.2,5.0
4.238095238095238,2.6,5.0
3.4761904761904763,3.1333333333333333,5.0
1.1904761904761905,4.866666666666667,1.0
5.0,1.5333333333333332,5.0
3.095238095238095,3.1333333333333333,1.0
4.0476190476190474,1.9333333333333333,1.0
3.8571428571428568,1.8,5.0
4.809523809523809,2.0666666666666664,5.0
4.428571428571429,2.333333333333333,5.0
1.380952380952381,4.466666666666667,1.0
4.0476190476190474,1.1333333333333333,5.0
2.142857142857143,3.4,5.0
3.6666666666666665,3.2666666666666666,5.0
3.8571428571428568,2.466666666666667,5.0
4.619047619047619,1.6666666666666665,5.0
3.4761904761904763,3.2666666666666666,5.0
3.4761904761904763,2.8666666666666667,1.0
1.7619047619047619,1.2666666666666666,1.0
3.4761904761904763,3.533333333333333,1.0
3.4761904761904763,2.8666666666666667,5.0
1.0,4.6,1.0
3.6666666666666665,3.533333333333333,5.0
3.8571428571428568,2.7333333333333334,5.0
1.5714285714285714,4.6,1.0
4.619047619047619,2.466666666666667,5.0
2.142857142857143,4.866666666666667,1.0
1.9523809523809523,1.2666666666666666,5.0
4.0476190476190474,2.6,5.0
1.380952380952381,4.6,1.0
3.4761904761904763,3.4,1.0
2.7142857142857144,3.2666666666666666,1.0
4.428571428571429,1.8,5.0
3.095238095238095,1.8,1.0
1.1904761904761905,4.333333333333334,1.0
4.428571428571429,3.1333333333333333,5.0
1.9523809523809523,4.466666666666667,1.0
4.809523809523809,3.0,5.0
3.4761904761904763,3.933333333333333,5.0
3.2857142857142856,4.066666666666666,5.0
2.5238095238095237,5.0,1.0
1.0,4.733333333333333,1.0
4.809523809523809,1.8,5.0
2.9047619047619047,3.1333333333333333,1.0
4.619047619047619,4.066666666666666,1.0
3.2857142857142856,3.2666666666666666,5.0
3.4761904761904763,4.066666666666666,1.0
3.8571428571428568,2.6,5.0
2.9047619047619047,3.4,5.0
3.4761904761904763,3.0,5.0
2.333333333333333,4.866666666666667,1.0
4.0476190476190474,3.0,5.0
3.095238095238095,3.4,5.0
1.7619047619047619,4.733333333333333,1.0
2.142857142857143,4.733333333333333,1.0
3.095238095238095,3.933333333333333,5.0
2.7142857142857144,3.2666666666666666,1.0
2.333333333333333,4.333333333333334,1.0
2.9047619047619047,3.6666666666666665,5.0
4.238095238095238,2.466666666666667,5.0
3.095238095238095,3.8,5.0
4.619047619047619,2.8666666666666667,5.0
4.428571428571429,2.466666666666667,5.0
5.0,1.2666666666666666,5.0
4.619047619047619,2.8666666666666667,5.0
2.142857142857143,5.0,1.0
4.0476190476190474,1.5333333333333332,5.0
2.142857142857143,4.6,1.0
2.333333333333333,4.6,1.0
4.238095238095238,4.066666666666666,1.0
3.2857142857142856,3.8,5.0
1.9523809523809523,5.0,1.0
3.095238095238095,3.6666666666666665,5.0
3.095238095238095,3.0,1.0
2.5238095238095237,4.866666666666667,1.0
3.2857142857142856,3.2666666666666666,1.0
2.333333333333333,4.466666666666667,1.0
2.9047619047619047,4.2,5.0
3.6666666666666665,5.0,1.0
1.7619047619047619,4.733333333333333,1.0
2.5238095238095237,4.466666666666667,1.0
3.8571428571428568,2.466666666666667,5.0
4.0476190476190474,2.7333333333333334,5.0
1.0,5.0,1.0
2.7142857142857144,3.4,1.0
3.6666666666666665,3.1333333333333333,1.0
4.0476190476190474,2.333333333333333,5.0
4.619047619047619,2.8666666666666667,5.0
2.7142857142857144,3.533333333333333,5.0
2.9047619047619047,4.2,1.0
1.380952380952381,4.333333333333334,1.0
4.238095238095238,1.4,5.0
2.5238095238095237,5.0,1.0
3.4761904761904763,4.333333333333334,5.0
3.4761904761904763,3.933333333333333,5.0
1.9523809523809523,2.0666666666666664,1.0
4.619047619047619,1.0,5.0
1.9523809523809523,4.333333333333334,1.0
4.428571428571429,4.466666666666667,5.0
2.9047619047619047,3.6666666666666665,1.0
2.142857142857143,4.866666666666667,1.0
2.333333333333333,2.466666666666667,1.0
3.4761904761904763,4.066666666666666,5.0
1.7619047619047619,4.733333333333333,1.0
4.809523809523809,2.8666666666666667,5.0
1.0,4.333333333333334,1.0
2.333333333333333,4.333333333333334,1.0
1.1904761904761905,4.2,1.0
1.0,4.333333333333334,1.0
3.2857142857142856,4.2,5.0
2.333333333333333,4.866666666666667,1.0
4.809523809523809,1.1333333333333333,5.0
1.1904761904761905,4.466666666666667,1.0
1.9523809523809523,1.1333333333333333,5.0
3.6666666666666665,3.0,5.0
4.619047619047619,1.2666666666666666,5.0
1.9523809523809523,3.0,5.0
4.619047619047619,3.0,5.0
3.095238095238095,3.4,5.0
2.7142857142857144,3.933333333333333,5.0
4.619047619047619,1.8,5.0
1.7619047619047619,2.466666666666667,1.0
3.095238095238095,3.4,5.0
2.333333333333333,4.333333333333334,1.0
1.9523809523809523,4.333333333333334,1.0
4.809523809523809,1.6666666666666665,5.0
5.0,1.9333333333333333,5.0
3.4761904761904763,3.2666666666666666,5.0
1.0,4.6,1.0
1.380952380952381,4.866666666666667,1.0
4.619047619047619,4.6,1.0
1.380952380952381,3.0,5.0
3.2857142857142856,3.933333333333333,1.0
1.380952380952381,4.6,1.0
2.7142857142857144,3.1333333333333333,5.0
2.7142857142857144,4.333333333333334,1.0
3.4761904761904763,3.933333333333333,5.0
1.1904761904761905,4.866666666666667,1.0
1.1904761904761905,5.0,1.0
3.095238095238095,4.333333333333334,5.0
4.809523809523809,3.0,5.0
3.095238095238095,3.533333333333333,5.0
2.7142857142857144,4.066666666666666,1.0
3.6666666666666665,3.533333333333333,1.0
3.4761904761904763,3.2666666666666666,1.0
1.7619047619047619,4.866666666666667,1.0
3.095238095238095,4.2,5.0
3.2857142857142856,3.2666666666666666,1.0
1.380952380952381,5.0,1.0
3.4761904761904763,3.0,1.0
2.9047619047619047,3.933333333333333,1.0
2.9047619047619047,3.933333333333333,1.0
1.0,4.466666666666667,1.0
2.9047619047619047,4.333333333333334,5.0
1.5714285714285714,4.733333333333333,1.0
4.619047619047619,2.7333333333333334,5.0
1.7619047619047619,5.0,1.0
3.8571428571428568,1.8,5.0
3.095238095238095,1.6666666666666665,5.0
4.809523809523809,1.2666666666666666,5.0
2.9047619047619047,4.2,5.0
2.142857142857143,4.866666666666667,1.0
1.0,4.466666666666667,1.0
2.9047619047619047,3.8,1.0
1.9523809523809523,5.0,1.0
5.0,1.9333333333333333,5.0
4.238095238095238,2.333333333333333,5.0
1.9523809523809523,5.0,1.0
4.428571428571429,2.333333333333333,5.0
2.7142857142857144,3.1333333333333333,1.0
1.380952380952381,4.6,1.0
1.5714285714285714,4.466666666666667,1.0
2.142857142857143,3.1333333333333333,5.0
2.7142857142857144,4.866666666666667,5.0
2.333333333333333,4.333333333333334,1.0
2.142857142857143,5.0,1.0
2.5238095238095237,4.333333333333334,1.0
2.5238095238095237,4.733333333333333,1.0
1.1904761904761905,4.6,1.0
3.4761904761904763,3.2666666666666666,1.0
5.0,2.0666666666666664,5.0
1.380952380952381,4.333333333333334,1.0
2.7142857142857144,3.1333333333333333,1.0
3.095238095238095,4.066666666666666,5.0
2.9047619047619047,3.6666666666666665,5.0
5.0,2.466666666666667,5.0
4.238095238095238,2.7333333333333334,5.0
1.0,4.333333333333334,1.0
2.142857142857143,4.466666666666667,1.0
2.9047619047619047,3.0,1.0
2.9047619047619047,3.4,1.0
2.333333333333333,4.333333333333334,1.0
3.2857142857142856,3.2666666666666666,5.0
1.1904761904761905,2.466666666666667,5.0
2.9047619047619047,3.4,5.0
2.5238095238095237,4.466666666666667,1.0
2.333333333333333,4.466666666666667,1.0
3.6666666666666665,4.2,1.0
3.6666666666666665,3.2666666666666666,1.0
1.380952380952381,1.8,1.0
2.7142857142857144,3.8,1.0
5.0,2.466666666666667,5.0
1.1904761904761905,3.6666666666666665,1.0
3.095238095238095,4.066666666666666,1.0
3.8571428571428568,1.0,5.0
2.333333333333333,4.466666666666667,1.0
3.6666666666666665,3.0,1.0
2.333333333333333,4.333333333333334,1.0
3.095238095238095,3.0,5.0
1.7619047619047619,4.6,1.0
4.0476190476190474,2.2,5.0
5.0,2.0666666666666664,5.0
1.5714285714285714,4.466666666666667,1.0
4.0476190476190474,2.466666666666667,5.0
1.0,4.6,1.0
3.2857142857142856,1.1333333333333333,1.0
2.142857142857143,3.8,1.0
2.333333333333333,4.6,1.0
2.5238095238095237,4.333333333333334,1.0
1.0,4.333333333333334,1.0
3.4761904761904763,3.8,1.0
1.1904761904761905,5.0,1.0
4.428571428571429,2.0666666666666664,5.0
3.8571428571428568,2.7333333333333334,5.0
4.619047619047619,1.1333333333333333,5.0
1.380952380952381,4.866666666666667,1.0
2.333333333333333,4.6,1.0
2.9047619047619047,3.8,5.0
2.5238095238095237,5.0,1.0
2.333333333333333,4.6,1.0
4.428571428571429,1.9333333333333333,5.0
1.1904761904761905,4.6,1.0
5.0,1.9333333333333333,5.0
4.809523809523809,2.466666666666667,5.0
2.333333333333333,1.2666666666666666,5.0
3.8571428571428568,1.1333333333333333,5.0
2.7142857142857144,4.333333333333334,5.0
4.619047619047619,3.0,5.0
4.238095238095238,1.0,5.0
1.1904761904761905,1.2666666666666666,1.0
4.619047619047619,1.0,5.0
5.0,1.0,5.0
3.2857142857142856,4.2,5.0
3.4761904761904763,3.533333333333333,1.0
4.0476190476190474,2.2,5.0
4.809523809523809,1.4,5.0
4.238095238095238,2.8666666666666667,5.0
1.1904761904761905,4.866666666666667,1.0
3.2857142857142856,3.2666666666666666,5.0
3.4761904761904763,3.0,1.0
3.8571428571428568,1.8,5.0
4.619047619047619,2.0666666666666664,5.0
4.428571428571429,2.0666666666666664,5.0
1.5714285714285714,4.733333333333333,1.0
1.7619047619047619,4.466666666666667,1.0
1.5714285714285714,5.0,1.0
4.428571428571429,2.7333333333333334,5.0
2.7142857142857144,3.0,1.0
3.6666666666666665,3.6666666666666665,5.0
1.0,4.6,1.0
4.428571428571429,2.2,5.0
3.8571428571428568,1.0,5.0
5.0,1.8,5.0
2.9047619047619047,3.533333333333333,1.0
3.6666666666666665,3.933333333333333,5.0
2.142857142857143,4.866666666666667,1.0
3.2857142857142856,4.733333333333333,1.0
5.0,3.6666666666666665,5.0
1.5714285714285714,5.0,1.0
1.5714285714285714,3.8,5.0
3.2857142857142856,3.1333333333333333,5.0
5.0,2.6,5.0
2.9047619047619047,3.2666666666666666,5.0
2.142857142857143,4.6,1.0
4.0476190476190474,3.0,1.0
2.142857142857143,1.6666666666666665,1.0
4.428571428571429,4.2,1.0
1.380952380952381,4.6,1.0
5.0,1.4,5.0
4.619047619047619,2.8666666666666667,5.0
3.2857142857142856,4.333333333333334,5.0
4.238095238095238,1.8,5.0
1.5714285714285714,4.333333333333334,1.0
2.9047619047619047,3.6666666666666665,1.0
1.9523809523809523,4.866666666666667,1.0
3.095238095238095,3.2666666666666666,1.0
4.809523809523809,1.0,5.0
3.4761904761904763,3.4,1.0
3.4761904761904763,4.333333333333334,5.0
2.7142857142857144,3.2666666666666666,1.0
1.380952380952381,4.333333333333334,1.0
5.0,1.5333333333333332,5.0
1.0,4.6,1.0
4.809523809523809,1.8,5.0
2.5238095238095237,4.733333333333333,1.0
3.6666666666666665,4.333333333333334,1.0
1.1904761904761905,4.333333333333334,1.0
4.428571428571429,1.1333333333333333,5.0
1.0,4.733333333333333,1.0
3.6666666666666665,5.0,1.0
1.5714285714285714,4.333333333333334,1.0
4.0476190476190474,2.333333333333333,5.0
3.8571428571428568,2.0666666666666664,5.0
1.380952380952381,2.333333333333333,1.0
4.619047619047619,1.4,5.0
1.380952380952381,4.333333333333334,1.0
3.6666666666666665,3.2666666666666666,1.0
1.380952380952381,5.0,1.0
2.333333333333333,3.0,5.0
5.0,1.4,5.0
3.4761904761904763,4.2,1.0
2.5238095238095237,4.466666666666667,1.0
2.9047619047619047,4.2,1.0
3.8571428571428568,1.1333333333333333,5.0
4.619047619047619,2.7333333333333334,5.0
4.619047619047619,2.8666666666666667,1.0
4.238095238095238,1.2666666666666666,5.0
2.7142857142857144,3.8,5.0
4.428571428571429,2.0666666666666664,5.0
3.4761904761904763,3.2666666666666666,5.0
2.5238095238095237,5.0,1.0
4.619047619047619,1.8,5.0
2.9047619047619047,3.1333333333333333,5.0
4.619047619047619,1.1333333333333333,5.0
4.619047619047619,2.6,1.0
3.4761904761904763,1.8,1.0
1.7619047619047619,5.0,1.0
3.095238095238095,3.8,1.0
4.809523809523809,2.333333333333333,5.0
5.0,2.7333333333333334,5.0
4.0476190476190474,1.1333333333333333,5.0
1.5714285714285714,4.733333333333333,1.0
4.428571428571429,2.333333333333333,5.0
4.428571428571429,2.6,1.0
3.2857142857142856,4.2,5.0
2.9047619047619047,4.2,1.0
2.7142857142857144,3.1333333333333333,5.0
1.9523809523809523,4.333333333333334,1.0
3.095238095238095,4.066666666666666,1.0
2.5238095238095237,1.8,1.0
4.238095238095238,4.733333333333333,5.0
2.5238095238095237,4.733333333333333,1.0
3.4761904761904763,3.1333333333333333,5.0
4.0476190476190474,2.0666666666666664,5.0
3.4761904761904763,3.1333333333333333,5.0
5.0,4.733333333333333,1.0
3.2857142857142856,3.533333333333333,1.0
3.6666666666666665,4.333333333333334,5.0
3.6666666666666665,3.8,1.0
2.142857142857143,3.6666666666666665,1.0
4.428571428571429,1.6666666666666665,5.0
3.6666666666666665,3.4,1.0
3.2857142857142856,4.333333333333334,1.0
1.9523809523809523,4.6,1.0
1.5714285714285714,4.733333333333333,1.0
3.4761904761904763,4.2,1.0
3.8571428571428568,2.6,1.0
2.142857142857143,4.466666666666667,1.0
4.428571428571429,2.333333333333333,5.0
3.095238095238095,3.933333333333333,5.0
5.0,1.5333333333333332,5.0
3.2857142857142856,3.8,5.0
2.5238095238095237,5.0,1.0
2.9047619047619047,3.8,1.0
2.7142857142857144,3.933333333333333,1.0
4.809523809523809,1.4,5.0
3.095238095238095,3.1333333333333333,1.0
1.1904761904761905,4.333333333333334,1.0
3.8571428571428568,2.333333333333333,5.0
4.238095238095238,1.2666666666666666,5.0
2.5238095238095237,5.0,1.0
4.809523809523809,1.5333333333333332,5.0
2.5238095238095237,1.9333333333333333,5.0
1.9523809523809523,4.466666666666667,1.0
3.6666666666666665,3.1333333333333333,1.0
2.9047619047619047,3.6666666666666665,1.0
4.428571428571429,1.0,5.0
5.0,3.533333333333333,5.0
1.7619047619047619,4.6,1.0
3.2857142857142856,3.1333333333333333,5.0
3.6666666666666665,3.8,5.0
2.333333333333333,2.7333333333333334,5.0
4.619047619047619,4.333333333333334,5.0
4.428571428571429,4.733333333333333,5.0
2.9047619047619047,3.0,5.0
3.095238095238095,3.933333333333333,5.0
3.8571428571428568,1.9333333333333333,5.0
1.9523809523809523,4.6,1.0
3.6666666666666665,3.1333333333333333,1.0
1.380952380952381,5.0,1.0
1.5714285714285714,2.2,1.0
3.6666666666666665,4.066666666666666,5.0
1.1904761904761905,4.466666666666667,1.0
3.2857142857142856,3.933333333333333,1.0
2.9047619047619047,3.6666666666666665,5.0
3.6666666666666665,3.533333333333333,1.0
3.2857142857142856,3.2666666666666666,5.0
2.333333333333333,4.466666666666667,1.0
1.5714285714285714,4.333333333333334,1.0
3.2857142857142856,3.2666666666666666,5.0
3.4761904761904763,3.2666666666666666,1.0
1.0,4.6,1.0
2.7142857142857144,3.2666666666666666,5.0
1.5714285714285714,4.466666666666667,1.0
2.7142857142857144,4.2,1.0
3.6666666666666665,4.066666666666666,1.0
2.5238095238095237,4.866666666666667,1.0
1.0,4.733333333333333,1.0
3.8571428571428568,5.0,1.0
4.0476190476190474,2.7333333333333334,5.0
1.5714285714285714,5.0,1.0
2.5238095238095237,1.5333333333333332,5.0
3.6666666666666665,4.333333333333334,1.0
4.0476190476190474,2.8666666666666667,5.0
4.428571428571429,3.0,5.0
3.8571428571428568,1.8,5.0
5.0,2.2,5.0
3.4761904761904763,4.066666666666666,1.0
4.0476190476190474,1.5333333333333332,5.0
4.238095238095238,1.6666666666666665,5.0
3.6666666666666665,3.1333333333333333,1.0
3.8571428571428568,1.8,1.0
4.809523809523809,2.466666666666667,1.0
2.5238095238095237,5.0,1.0
1.1904761904761905,4.466666666666667,1.0
2.142857142857143,4.333333333333334,1.0
5.0,2.333333333333333,1.0
1.1904761904761905,4.333333333333334,1.0
3.8571428571428568,2.466666666666667,5.0
2.5238095238095237,4.866666666666667,1.0
2.9047619047619047,3.8,5.0
1.7619047619047619,4.6,1.0
4.428571428571429,1.9333333333333333,5.0
4.428571428571429,2.0666666666666664,5.0
2.142857142857143,4.333333333333334,1.0
1.1904761904761905,4.733333333333333,1.0
1.5714285714285714,4.6,1.0
3.6666666666666665,4.333333333333334,1.0
2.7142857142857144,3.8,1.0
4.428571428571429,2.6,5.0
2.5238095238095237,4.733333333333333,1.0
1.5714285714285714,2.2,1.0
3.4761904761904763,3.1333333333333333,1.0
2.333333333333333,3.933333333333333,1.0
3.2857142857142856,4.333333333333334,1.0
3.6666666666666665,4.066666666666666,5.0
4.238095238095238,1.2666666666666666,5.0
1.0,4.6,1.0
4.428571428571429,2.7333333333333334,5.0
3.2857142857142856,3.533333333333333,1.0
3.4761904761904763,3.8,5.0
3.095238095238095,3.6666666666666665,1.0
3.8571428571428568,1.4,5.0
2.7142857142857144,3.6666666666666665,5.0
1.380952380952381,4.333333333333334,1.0
4.619047619047619,2.7333333333333334,5.0
4.619047619047619,2.2,5.0
4.238095238095238,2.6,5.0
2.9047619047619047,4.333333333333334,5.0
2.142857142857143,4.6,1.0
1.7619047619047619,4.333333333333334,1.0
4.809523809523809,1.0,5.0
2.7142857142857144,4.066666666666666,1.0
5.0,2.466666666666667,5.0
3.095238095238095,3.6666666666666665,1.0
1.380952380952381,4.6,1.0
2.9047619047619047,4.066666666666666,5.0
3.8571428571428568,1.4,5.0
4.238095238095238,3.0,5.0
4.619047619047619,2.7333333333333334,5.0
3.2857142857142856,1.0,1.0
4.238095238095238,1.1333333333333333,5.0
4.809523809523809,1.8,5.0
4.809523809523809,2.333333333333333,5.0
2.9047619047619047,4.2,1.0
4.428571428571429,2.466666666666667,5.0
4.619047619047619,2.7333333333333334,5.0
4.428571428571429,1.8,5.0
1.1904761904761905,4.6,1.0
2.9047619047619047,4.333333333333334,1.0
5.0,2.6,5.0
3.8571428571428568,1.8,5.0
1.5714285714285714,4.6,1.0
2.142857142857143,4.866666666666667,1.0
5.0,1.6666666666666665,5.0
4.428571428571429,2.8666666666666667,5.0
2.142857142857143,5.0,1.0
4.238095238095238,2.2,5.0
1.7619047619047619,4.733333333333333,1.0
2.7142857142857144,4.2,5.0
4.0476190476190474,2.8666666666666667,5.0
2.9047619047619047,3.6666666666666665,1.0
1.7619047619047619,4.866666666666667,1.0
3.095238095238095,3.6666666666666665,5.0
3.4761904761904763,4.333333333333334,5.0
4.238095238095238,1.2666666666666666,5.0
2.333333333333333,4.333333333333334,1.0
5.0,1.1333333333333333,5.0
1.1904761904761905,4.466666666666667,1.0
4.809523809523809,2.466666666666667,5.0
2.142857142857143,4.333333333333334,1.0
2.9047619047619047,3.8,5.0
4.238095238095238,4.2,5.0
4.428571428571429,1.2666666666666666,5.0
2.333333333333333,4.466666666666667,1.0
2.9047619047619047,3.6666666666666665,1.0
4.238095238095238,2.333333333333333,5.0
4.619047619047619,1.2666666666666666,5.0
2.7142857142857144,4.866666666666667,1.0
4.619047619047619,2.333333333333333,5.0
5.0,1.4,5.0
2.5238095238095237,4.733333333333333,1.0
5.0,2.0666666666666664,5.0
1.380952380952381,5.0,1.0
2.7142857142857144,4.066666666666666,5.0
2.7142857142857144,3.2666666666666666,1.0
1.5714285714285714,1.6666666666666665,1.0
4.238095238095238,2.8666666666666667,5.0
1.0,4.333333333333334,1.0
2.7142857142857144,4.066666666666666,1.0
3.8571428571428568,1.1333333333333333,5.0
2.142857142857143,4.6,1.0
1.9523809523809523,4.866666666666667,1.0
1.0,4.333333333333334,1.0
3.4761904761904763,4.333333333333334,5.0
2.7142857142857144,3.533333333333333,5.0
1.9523809523809523,3.6666666666666665,5.0
4.619047619047619,1.4,5.0
2.142857142857143,4.333333333333334,1.0
3.6666666666666665,3.2666666666666666,1.0
2.9047619047619047,3.1333333333333333,5.0
1.380952380952381,4.466666666666667,1.0
3.2857142857142856,3.8,1.0
4.619047619047619,2.466666666666667,5.0
3.6666666666666665,4.333333333333334,1.0
1.1904761904761905,1.9333333333333333,1.0
1.0,4.333333333333334,1.0
5.0,2.0666666666666664,5.0
5.0,5.0,1.0
2.9047619047619047,4.066666666666666,1.0
1.5714285714285714,4.866666666666667,1.0
2.5238095238095237,4.6,1.0
1.9523809523809523,4.466666666666667,1.0
4.619047619047619,1.0,5.0
1.9523809523809523,5.0,1.0
5.0,1.4,5.0
4.238095238095238,1.6666666666666665,5.0
2.7142857142857144,4.866666666666667,5.0
1.9523809523809523,4.6,1.0
5.0,1.1333333333333333,5.0
4.619047619047619,4.6,1.0
3.2857142857142856,3.933333333333333,5.0
4.238095238095238,2.333333333333333,5.0
4.0476190476190474,1.1333333333333333,5.0
2.142857142857143,4.466666666666667,1.0
3.6666666666666665,4.066666666666666,1.0
4.428571428571429,1.6666666666666665,5.0
1.1904761904761905,4.733333333333333,1.0
4.619047619047619,2.6,5.0
1.5714285714285714,3.2666666666666666,1.0
2.333333333333333,4.333333333333334,1.0
1.9523809523809523,2.2,5.0
2.9047619047619047,4.333333333333334,1.0
4.809523809523809,2.333333333333333,5.0
1.9523809523809523,4.066666666666666,1.0
5.0,3.0,5.0
2.142857142857143,2.7333333333333334,1.0
2.9047619047619047,4.2,5.0
3.8571428571428568,1.1333333333333333,5.0
3.2857142857142856,3.6666666666666665,1.0
2.9047619047619047,3.533333333333333,5.0
3.095238095238095,2.0666666666666664,1.0
4.809523809523809,3.533333333333333,5.0
1.1904761904761905,4.6,1.0
2.333333333333333,5.0,1.0
1.5714285714285714,4.866666666666667,1.0
3.6666666666666665,2.6,1.0
3.2857142857142856,1.6666666666666665,1.0
4.809523809523809,2.466666666666667,5.0
2.5238095238095237,1.8,5.0
1.380952380952381,4.6,1.0
3.2857142857142856,3.2666666666666666,1.0
2.9047619047619047,3.0,5.0
4.0476190476190474,2.6,5.0
3.8571428571428568,2.6,5.0
2.142857142857143,5.0,1.0
1.1904761904761905,4.733333333333333,1.0
1.1904761904761905,4.466666666666667,1.0
4.0476190476190474,1.4,5.0
3.095238095238095,4.066666666666666,1.0
5.0,2.8666666666666667,5.0
3.6666666666666665,3.4,5.0
1.380952380952381,4.466666666666667,1.0
3.4761904761904763,4.333333333333334,5.0
4.619047619047619,1.6666666666666665,5.0
4.0476190476190474,2.6,5.0
3.8571428571428568,2.7333333333333334,5.0
3.6666666666666665,3.1333333333333333,1.0
2.9047619047619047,3.4,5.0
3.4761904761904763,3.1333333333333333,5.0
3.8571428571428568,2.7333333333333334,5.0
1.7619047619047619,4.333333333333334,1.0
1.0,4.733333333333333,1.0
1.5714285714285714,2.333333333333333,1.0
1.380952380952381,3.0,5.0
3.8571428571428568,1.9333333333333333,5.0
2.9047619047619047,4.333333333333334,1.0
5.0,1.1333333333333333,5.0
2.142857142857143,1.5333333333333332,1.0
4.619047619047619,1.4,5.0
2.7142857142857144,2.7333333333333334,5.0
1.7619047619047619,4.866666666666667,1.0
4.809523809523809,2.333333333333333,5.0
4.619047619047619,3.1333333333333333,1.0
2.142857142857143,2.466666666666667,1.0
4.619047619047619,2.466666666666667,5.0
3.4761904761904763,3.6666666666666665,1.0
1.1904761904761905,5.0,1.0
2.333333333333333,3.2666666666666666,1.0
3.095238095238095,3.2666666666666666,1.0
2.7142857142857144,2.6,1.0
1.7619047619047619,4.466666666666667,1.0
5.0,1.0,5.0
4.428571428571429,1.8,5.0
