Burnout_Level,AI_Technostress,Cognitive_Latency_Proxy,group_id
3.2312442635695087,4.688059635818486,3.0266300303702693,CNTT_TDTU_2026
3.800609090070447,3.8174899549825034,4.33749401619977,CNTT_TDTU_2026
4.351072281175519,3.840105713151613,4.413898672550234,CNTT_TDTU_2026
3.2058139820341145,4.140594023549535,3.712166368717658,CNTT_TDTU_2026
4.416337704079563,4.823282649331142,2.504518467037027,CNTT_TDTU_2026
3.781839040830439,4.46244515991748,3.470754827325419,CNTT_TDTU_2026
4.152201231096633,3.992860103750684,4.029120900677757,CNTT_TDTU_2026
3.031214696928099,3.96225221404294,2.73254603480338,CNTT_TDTU_2026
3.4648463767350437,4.605743174254403,3.442459556500028,CNTT_TDTU_2026
4.22425244706904,4.147504140236665,3.9662519552253412,CNTT_TDTU_2026
4.053933532882869,4.193083371516107,3.1692950582121115,CNTT_TDTU_2026
4.467087118524779,4.5494985340824226,4.40062704939905,CNTT_TDTU_2026
4.151213475930733,4.790011103857728,3.3132806036133235,CNTT_TDTU_2026
3.6769626171319714,4.2807579528340085,4.490276320677117,CNTT_TDTU_2026
3.266346263906834,4.95511628363342,3.338500540518212,CNTT_TDTU_2026
3.636078669826498,4.355778643672815,3.247446297647831,CNTT_TDTU_2026
3.6982621502587665,3.8422019137649657,2.6685453394636913,CNTT_TDTU_2026
4.098781047212925,4.563439992599441,2.555815577723065,CNTT_TDTU_2026
3.45025508973598,4.065023024994662,2.6100399866804,CNTT_TDTU_2026
3.784869106167438,4.299643588753532,2.596437499651141,CNTT_TDTU_2026
3.8586067732944143,4.764219980812852,2.7272034390796343,CNTT_TDTU_2026
3.4156758216377945,4.570013710022508,3.4854746108730157,CNTT_TDTU_2026
3.7598341135021425,4.353728312079146,4.289486147855781,CNTT_TDTU_2026
3.9086665397033773,4.5240267238010645,3.387743712382538,CNTT_TDTU_2026
3.7200701749903353,4.866137032675631,2.9170009769203604,CNTT_TDTU_2026
4.416872193234488,3.8881640527307186,3.690304913272181,CNTT_TDTU_2026
3.0467266062776495,4.598308919036947,3.774770990281939,CNTT_TDTU_2026
4.2936977434464225,4.9299652548075885,3.3912541068212514,CNTT_TDTU_2026
4.004936448653632,4.9091968395583905,3.738846933535493,CNTT_TDTU_2026
3.4838785990632206,4.183371573120297,3.082913370013306,CNTT_TDTU_2026
